item_id,item_name,cost_price,current_price,competitor_prices,target_margin_percent,stock_level,hourly_sales,price_elasticity
APP10000,Adidas T-Shirt,36.22,71.01,"[63.68, 73.11, 75.95]",25,50,"[5, 13, 16, 11, 15, 15]",-0.62
APP10001,Under Armour Jacket,10.05,20.04,"[17.08, 20.71, 20.75]",20,50,"[13, 14, 7, 21, 14, 15]",-0.78
APP10002,Adidas Socks,57.62,89.91,"[76.78, 91.62, 101.84]",15,100,"[22, 22, 29, 32, 24, 26]",-1.72
APP10003,GAP Sweater,22.76,41.07,"[37.47, 40.15, 41.9]",15,50,"[23, 26, 17, 15, 25, 20]",-1.79
APP10004,Nike Jeans,29.67,48.49,"[42.3, 43.27, 52.89]",20,5000,"[21, 25, 32, 31, 31, 28]",-1.2
APP10005,Under Armour Socks,74.05,139.22,"[122.32, 133.82, 137.11]",35,500,"[13, 15, 9, 14, 10, 6]",-0.98
APP10006,Nike Socks,49.29,89.55,"[87.6, 89.38, 90.16]",20,50,"[17, 17, 30, 12, 14, 19]",-1.29
APP10007,Uniqlo Sweater,47.79,65.11,"[67.04, 68.91, 73.76]",20,1000,"[16, 19, 15, 15, 20, 14]",-0.71
APP10008,Zara Track Pants,32.26,41.55,"[38.16, 40.64, 45.51]",25,1000,"[11, 5, 20, 11, 7, 7]",-2.16
APP10009,Nike Sneakers,25.31,41.67,"[36.23, 38.59, 40.47]",30,100,"[2, 11, 11, 23, 11, 12]",-2.21
APP10010,Levi's Hoodie,44.26,88.01,"[81.2, 92.55, 94.92]",20,100,"[17, 3, 12, 20, 6, 8]",-2.42
APP10011,Under Armour Shorts,51.36,89.47,"[76.49, 82.13, 89.79]",15,500,"[24, 27, 30, 24, 29, 28]",-2.08
APP10012,Adidas Sweater,47.9,84.14,"[75.94, 77.29, 96.31]",15,200,"[20, 20, 14, 26, 27, 17]",-0.71
APP10013,Levi's Shorts,72.1,131.5,"[115.09, 118.15, 137.1]",35,1000,"[15, 29, 20, 19, 10, 20]",-0.51
APP10014,Reebok T-Shirt,22.31,27.09,"[24.48, 26.0, 27.04]",30,500,"[11, 16, 6, 4, 3, 3]",-0.55
APP10015,Uniqlo Jeans,37.52,71.8,"[71.86, 74.62, 78.15]",30,200,"[8, 1, 0, 7, 4, 8]",-2.47
APP10016,Adidas Socks,74.98,115.66,"[127.91, 131.75, 131.85]",25,100,"[22, 21, 14, 24, 30, 24]",-0.64
APP10017,GAP Shorts,14.93,20.41,"[18.9, 19.54, 21.46]",35,100,"[23, 29, 18, 13, 24, 14]",-2.34
APP10018,Under Armour Jeans,10.36,17.64,"[15.37, 16.02, 17.09]",15,50,"[18, 16, 23, 19, 23, 21]",-1.41
APP10019,Under Armour Hoodie,30.06,50.28,"[43.2, 43.3, 55.15]",15,100,"[16, 9, 11, 3, 20, 18]",-1.23
APP10020,Under Armour Jeans,60.83,120.48,"[114.08, 121.07, 131.15]",30,100,"[24, 25, 27, 24, 26, 27]",-0.67
APP10021,Reebok Cap,40.96,57.01,"[50.06, 51.59, 64.44]",25,500,"[8, 20, 6, 12, 10, 7]",-2.32
APP10022,Puma Shorts,16.59,24.04,"[20.56, 21.7, 27.5]",25,1000,"[19, 25, 16, 19, 32, 31]",-2.41
APP10023,Under Armour Hoodie,36.22,61.6,"[61.66, 64.53, 68.19]",15,50,"[29, 32, 31, 33, 23, 29]",-0.88
APP10024,GAP Sneakers,67.44,114.7,"[104.61, 119.91, 125.73]",35,100,"[17, 13, 15, 14, 14, 20]",-2.26
APP10025,Under Armour Sneakers,58.77,100.09,"[107.15, 109.2, 111.42]",30,100,"[22, 5, 22, 16, 13, 12]",-1.34
APP10026,H&M Hoodie,70.7,116.62,"[107.47, 122.91, 125.01]",35,100,"[20, 37, 14, 17, 22, 21]",-1.15
APP10027,Under Armour Shorts,43.78,69.8,"[61.07, 61.25, 71.95]",15,200,"[28, 28, 22, 25, 15, 33]",-0.72
APP10028,Under Armour T-Shirt,34.56,44.71,"[39.92, 46.3, 48.22]",25,50,"[4, 10, 15, 10, 11, 6]",-2.03
APP10029,H&M Hoodie,50.69,95.83,"[88.26, 106.76, 107.55]",15,200,"[5, 7, 9, 15, 12, 8]",-2.28
APP10030,Under Armour Track Pants,44.48,53.78,"[46.62, 47.63, 53.27]",25,50,"[17, 18, 11, 6, 9, 13]",-1.44
APP10031,Under Armour Cap,40.54,74.66,"[70.69, 75.91, 85.36]",30,50,"[27, 25, 36, 27, 23, 34]",-1.24
APP10032,Zara Sneakers,50.9,97.78,"[84.45, 91.35, 110.99]",25,1000,"[15, 13, 18, 11, 10, 14]",-1.97
APP10033,Puma Jacket,35.22,49.59,"[42.63, 46.31, 48.89]",35,200,"[13, 19, 11, 26, 22, 15]",-0.53
APP10034,Uniqlo Hoodie,20.53,34.39,"[33.16, 37.92, 39.24]",35,1000,"[7, 15, 7, 6, 13, 9]",-0.99
APP10035,H&M Track Pants,36.45,50.77,"[46.28, 46.98, 47.34]",30,100,"[10, 12, 1, 4, 6, 15]",-0.96
APP10036,Levi's Jacket,46.41,87.33,"[88.69, 88.93, 97.2]",20,200,"[7, 17, 22, 26, 21, 20]",-1.28
APP10037,Uniqlo Cap,54.57,89.71,"[78.7, 90.99, 95.8]",15,200,"[27, 13, 11, 19, 20, 19]",-1.51
APP10038,Nike Jeans,33.01,56.34,"[49.17, 50.07, 51.95]",20,50,"[16, 11, 13, 10, 15, 19]",-1.16
APP10039,Puma Sweater,22.06,29.87,"[25.76, 26.9, 27.89]",35,50,"[33, 36, 28, 24, 24, 21]",-1.86
APP10040,Adidas Sweater,16.46,26.09,"[23.41, 26.18, 27.56]",30,100,"[25, 18, 18, 23, 19, 15]",-1.53
APP10041,GAP Cap,53.28,79.66,"[68.59, 78.76, 85.57]",35,100,"[15, 13, 10, 15, 7, 10]",-1.03
APP10042,Reebok Socks,22.76,37.58,"[32.95, 37.98, 41.42]",15,100,"[25, 21, 17, 24, 17, 13]",-1.33
APP10043,Adidas Socks,62.18,96.09,"[85.35, 89.86, 92.14]",25,500,"[6, 0, 8, 6, 5, 0]",-0.8
APP10044,Levi's Jeans,16.15,29.79,"[25.78, 25.82, 32.85]",25,50,"[10, 9, 10, 10, 6, 7]",-1.16
APP10045,H&M Sneakers,75.06,123.5,"[115.35, 126.15, 133.48]",30,50,"[22, 29, 27, 34, 30, 29]",-2.33
APP10046,Nike Hoodie,45.43,88.39,"[83.63, 84.92, 90.88]",35,200,"[14, 7, 13, 4, 11, 16]",-1.56
APP10047,Puma Socks,38.83,57.43,"[63.13, 64.83, 65.44]",15,50,"[31, 28, 30, 30, 31, 31]",-0.85
APP10048,Reebok Socks,23.05,32.01,"[30.24, 33.29, 35.93]",35,200,"[21, 28, 19, 11, 27, 18]",-1.49
APP10049,Under Armour Sneakers,26.25,50.39,"[48.63, 51.05, 56.53]",25,500,"[14, 20, 27, 28, 31, 23]",-1.35
APP10050,Puma Socks,79.84,143.87,"[128.47, 152.8, 155.89]",35,100,"[8, 7, 11, 4, 5, 2]",-0.91
APP10051,Nike Track Pants,20.49,28.35,"[29.55, 30.22, 30.24]",25,500,"[11, 15, 3, 5, 0, 5]",-1.27
APP10052,Zara T-Shirt,73.83,96.81,"[85.22, 89.72, 103.38]",15,200,"[24, 18, 17, 18, 17, 11]",-1.29
APP10053,Levi's Hoodie,39.69,71.01,"[69.96, 80.08, 80.26]",20,50,"[23, 23, 23, 29, 20, 22]",-1.28
APP10054,Nike Jacket,36.55,65.62,"[59.82, 67.66, 71.29]",35,50,"[28, 24, 18, 18, 23, 32]",-2.05
APP10055,Adidas Jeans,41.67,54.7,"[49.39, 53.37, 54.67]",30,3000,"[18, 25, 18, 18, 23, 21]",-1.58
APP10056,Adidas Socks,49.01,92.56,"[83.8, 87.0, 93.53]",20,100,"[33, 26, 25, 17, 20, 34]",-0.83
APP10057,Puma Cap,51.12,73.37,"[73.98, 74.13, 78.08]",35,200,"[9, 11, 8, 9, 6, 14]",-0.71
APP10058,Puma Hoodie,46.86,86.25,"[95.04, 95.75, 98.64]",35,200,"[26, 26, 29, 29, 31, 24]",-2.02
APP10059,GAP Sweater,16.96,23.65,"[25.23, 25.99, 26.17]",20,100,"[8, 4, 6, 8, 15, 12]",-0.8
APP10060,Uniqlo Jacket,18.59,35.34,"[36.86, 37.5, 39.69]",25,500,"[12, 8, 8, 18, 9, 23]",-1.4
APP10061,H&M Shorts,40.53,58.18,"[51.9, 62.78, 66.01]",30,1000,"[28, 29, 28, 22, 36, 28]",-1.1
APP10062,Uniqlo Cap,38.18,52.48,"[46.69, 51.25, 54.76]",15,3000,"[0, 8, 16, 9, 4, 8]",-2.48
APP10063,Under Armour Jacket,19.58,37.59,"[38.69, 38.72, 41.81]",15,500,"[16, 12, 18, 9, 2, 7]",-0.58
APP10064,Levi's T-Shirt,22.91,29.15,"[25.37, 31.52, 32.1]",35,200,"[4, 13, 4, 21, 10, 8]",-1.03
APP10065,Uniqlo Jacket,25.05,30.68,"[26.55, 28.49, 31.56]",35,200,"[18, 12, 7, 16, 12, 9]",-1.09
APP10066,Under Armour T-Shirt,51.88,81.33,"[69.19, 70.98, 71.03]",15,5000,"[2, 15, 4, 9, 15, 10]",-1.04
APP10067,Nike Jacket,66.46,114.78,"[106.16, 121.4, 126.8]",15,200,"[18, 19, 18, 19, 13, 32]",-1.87
APP10068,Nike Shorts,18.44,32.91,"[29.11, 29.88, 32.14]",15,1000,"[22, 28, 17, 26, 19, 30]",-1.05
APP10069,Uniqlo Jacket,14.57,21.16,"[20.01, 21.41, 23.01]",25,500,"[25, 20, 15, 9, 18, 15]",-0.63
APP10070,Zara Jacket,14.9,17.99,"[15.49, 15.58, 15.77]",35,200,"[18, 27, 27, 18, 18, 19]",-1.79
APP10071,Puma Track Pants,30.11,43.27,"[37.01, 37.33, 39.81]",35,5000,"[12, 9, 10, 17, 14, 13]",-0.73
APP10072,Zara Jacket,52.06,100.11,"[87.05, 107.42, 114.8]",30,200,"[27, 38, 23, 24, 23, 24]",-0.94
APP10073,H&M Jacket,34.51,43.01,"[47.96, 48.53, 49.06]",15,5000,"[5, 29, 25, 11, 3, 10]",-1.95
APP10074,Adidas Sweater,43.37,53.58,"[46.11, 50.83, 59.24]",25,3000,"[15, 12, 9, 12, 15, 23]",-2.34
APP10075,H&M Sweater,25.41,44.38,"[38.74, 44.32, 49.06]",30,200,"[21, 28, 26, 32, 25, 22]",-0.91
APP10076,Nike Jeans,56.09,105.48,"[112.07, 116.14, 117.1]",15,500,"[15, 11, 14, 14, 14, 16]",-0.74
APP10077,H&M Shorts,10.36,19.23,"[16.35, 17.66, 21.59]",15,200,"[16, 17, 21, 10, 17, 17]",-1.98
APP10078,Under Armour Jacket,54.38,88.75,"[78.29, 95.7, 96.2]",20,200,"[12, 0, 6, 8, 6, 4]",-1.08
APP10079,Uniqlo Cap,14.71,24.5,"[21.16, 23.37, 25.39]",20,1000,"[20, 17, 19, 9, 22, 24]",-1.61
APP10080,H&M Sneakers,29.15,58.23,"[52.35, 56.94, 57.38]",25,1000,"[20, 21, 14, 10, 15, 18]",-1.22
APP10081,Zara Jacket,37.83,53.69,"[52.23, 60.04, 61.49]",15,100,"[7, 6, 11, 6, 9, 7]",-2.13
APP10082,Zara Socks,70.8,128.95,"[139.05, 139.43, 142.29]",15,500,"[22, 18, 11, 16, 17, 13]",-1.64
APP10083,Nike Socks,24.04,38.3,"[33.29, 35.65, 39.24]",15,1000,"[24, 14, 16, 15, 19, 21]",-0.99
APP10084,Adidas Jacket,76.69,147.72,"[132.03, 157.66, 158.76]",20,50,"[18, 13, 25, 22, 17, 18]",-1.85
APP10085,H&M Cap,46.24,58.74,"[50.51, 51.31, 56.11]",30,100,"[10, 8, 6, 5, 7, 10]",-1.27
APP10086,Under Armour Sweater,52.91,76.14,"[79.0, 86.08, 86.36]",15,1000,"[19, 23, 19, 25, 21, 29]",-1.04
APP10087,Puma Sweater,15.71,19.61,"[17.61, 18.12, 21.8]",15,100,"[35, 26, 27, 32, 29, 18]",-1.51
APP10088,H&M Hoodie,15.71,23.92,"[21.79, 21.91, 23.33]",30,1000,"[22, 24, 19, 28, 15, 14]",-0.52
APP10089,Reebok Sweater,12.81,24.26,"[23.81, 24.83, 25.9]",35,200,"[12, 8, 2, 0, 3, 0]",-0.83
APP10090,Zara Sneakers,26.51,48.27,"[46.9, 49.74, 50.19]",20,100,"[7, 5, 0, 6, 6, 11]",-1.47
APP10091,Reebok Jacket,35.15,58.85,"[52.91, 56.93, 67.14]",15,100,"[9, 9, 1, 16, 6, 6]",-0.73
APP10092,GAP Socks,40.94,59.97,"[53.6, 59.05, 63.02]",15,200,"[19, 16, 11, 11, 11, 22]",-0.81
APP10093,Levi's T-Shirt,66.4,110.77,"[97.87, 100.99, 123.01]",15,100,"[5, 4, 6, 4, 3, 4]",-2.32
APP10094,GAP Cap,17.23,28.74,"[27.86, 28.57, 30.36]",35,500,"[0, 8, 0, 7, 1, 6]",-2.23
APP10095,Uniqlo Sneakers,20.05,39.13,"[35.17, 35.47, 41.86]",15,500,"[10, 11, 14, 12, 10, 11]",-1.51
APP10096,Uniqlo Jeans,53.25,100.92,"[86.7, 103.06, 113.97]",20,500,"[8, 5, 7, 9, 0, 9]",-2.18
APP10097,Adidas Track Pants,52.35,76.14,"[81.91, 84.51, 87.41]",15,50,"[14, 10, 17, 13, 12, 16]",-0.76
APP10098,Under Armour Sweater,36.3,52.18,"[49.49, 54.22, 54.51]",15,500,"[15, 26, 12, 18, 13, 16]",-2.35
APP10099,GAP Jacket,52.24,90.61,"[87.34, 89.62, 93.86]",35,1000,"[20, 15, 20, 12, 25, 10]",-1.01
APP10100,GAP T-Shirt,60.08,97.15,"[95.13, 106.55, 108.71]",35,50,"[19, 19, 16, 18, 11, 19]",-1.93
APP10101,Adidas Sweater,31.51,58.05,"[54.76, 58.73, 59.97]",35,500,"[16, 21, 22, 22, 19, 17]",-0.91
APP10102,GAP Socks,22.97,44.43,"[38.93, 43.42, 48.64]",25,100,"[19, 17, 23, 18, 16, 19]",-2.08
APP10103,Reebok Jacket,52.77,80.68,"[77.13, 88.91, 90.36]",25,100,"[14, 5, 11, 13, 11, 12]",-2.2
APP10104,Under Armour Hoodie,39.68,52.47,"[48.3, 52.04, 58.28]",30,200,"[26, 26, 30, 37, 24, 20]",-1.31
APP10105,Puma Hoodie,44.77,89.1,"[79.38, 86.54, 94.32]",30,200,"[16, 9, 3, 16, 11, 12]",-1.97
APP10106,Levi's Jeans,55.17,92.5,"[88.16, 88.81, 89.76]",15,500,"[14, 17, 14, 20, 22, 17]",-1.2
APP10107,Zara Track Pants,47.31,69.05,"[65.59, 72.56, 79.29]",35,500,"[21, 21, 25, 13, 27, 24]",-2.16
APP10108,Adidas Jeans,38.66,59.46,"[50.56, 55.91, 65.2]",35,5000,"[2, 6, 13, 7, 18, 8]",-2.32
APP10109,Under Armour Socks,62.87,81.87,"[87.0, 88.8, 89.88]",25,50,"[2, 0, 0, 0, 5, 0]",-0.85
APP10110,Puma Shorts,29.58,57.8,"[51.93, 62.76, 64.27]",15,200,"[9, 0, 13, 0, 16, 14]",-1.44
APP10111,Under Armour Shorts,60.5,79.44,"[72.58, 75.21, 87.04]",25,50,"[9, 6, 3, 19, 10, 0]",-2.22
APP10112,Puma Cap,72.88,135.81,"[128.38, 149.06, 154.26]",35,500,"[8, 6, 0, 3, 0, 7]",-2.29
APP10113,Reebok Track Pants,54.86,75.31,"[67.45, 78.01, 78.7]",35,50,"[21, 20, 31, 23, 16, 27]",-1.64
APP10114,Nike Socks,21.95,27.65,"[24.98, 25.7, 29.99]",25,500,"[5, 5, 7, 10, 9, 0]",-1.45
APP10115,Adidas Sneakers,39.83,51.96,"[47.2, 51.18, 57.99]",25,100,"[28, 29, 24, 14, 24, 27]",-1.43
APP10116,Adidas Jeans,25.06,30.31,"[27.96, 33.05, 34.64]",35,5000,"[2, 5, 8, 19, 5, 6]",-2.25
APP10117,Puma Hoodie,70.53,98.37,"[101.74, 102.85, 107.54]",25,1000,"[15, 15, 19, 9, 7, 12]",-0.82
APP10118,GAP Jacket,12.69,24.38,"[24.1, 25.38, 25.55]",25,1000,"[13, 11, 17, 12, 9, 12]",-2.42
APP10119,Under Armour Hoodie,62.23,107.49,"[92.51, 94.76, 117.23]",35,200,"[6, 8, 18, 9, 7, 14]",-2.15
APP10120,Zara Hoodie,16.89,29.19,"[24.99, 27.13, 31.51]",15,50,"[25, 18, 14, 28, 20, 20]",-1.27
APP10121,Adidas Sweater,64.22,110.15,"[95.01, 111.15, 125.63]",25,1000,"[11, 16, 20, 16, 27, 18]",-2.19
APP10122,Nike T-Shirt,13.06,16.83,"[14.79, 16.2, 17.33]",25,200,"[27, 26, 30, 31, 28, 29]",-0.52
APP10123,Puma Hoodie,57.0,82.85,"[76.85, 83.94, 92.28]",20,500,"[19, 26, 25, 24, 21, 29]",-1.42
APP10124,Zara Socks,60.96,78.42,"[68.82, 82.78, 89.36]",30,200,"[29, 30, 38, 32, 18, 27]",-1.37
APP10125,Uniqlo T-Shirt,58.22,110.54,"[99.27, 115.06, 119.2]",15,200,"[22, 23, 19, 23, 21, 20]",-1.18
APP10126,Adidas Sneakers,31.77,56.99,"[58.96, 60.2, 62.38]",35,100,"[13, 13, 10, 16, 13, 15]",-1.85
APP10127,Nike Shorts,20.42,29.5,"[28.33, 32.83, 33.89]",35,200,"[21, 27, 25, 20, 22, 19]",-1.7
APP10128,Uniqlo Sneakers,71.2,114.5,"[100.9, 105.07, 122.17]",30,500,"[36, 32, 25, 32, 28, 34]",-2.35
APP10129,Puma T-Shirt,14.1,20.69,"[21.98, 22.46, 22.48]",25,200,"[16, 19, 16, 23, 18, 20]",-0.9
APP10130,Levi's T-Shirt,63.66,113.75,"[102.61, 106.91, 118.44]",25,200,"[18, 15, 18, 24, 28, 26]",-2.13
APP10131,Under Armour Jacket,35.36,51.89,"[44.48, 44.51, 57.05]",15,100,"[19, 15, 14, 7, 24, 21]",-1.09
APP10132,Levi's Socks,54.18,67.18,"[72.83, 75.32, 75.43]",30,50,"[14, 8, 14, 11, 14, 13]",-2.36
APP10133,GAP Sneakers,13.99,19.95,"[18.44, 18.52, 22.38]",20,100,"[15, 11, 18, 23, 20, 20]",-2.41
APP10134,Puma Sneakers,53.38,88.06,"[83.18, 83.99, 95.24]",30,50,"[19, 21, 12, 17, 22, 13]",-2.1
APP10135,Nike Sneakers,49.57,77.88,"[74.36, 80.42, 88.91]",25,50,"[19, 30, 23, 20, 23, 22]",-2.05
APP10136,H&M Jacket,38.28,62.55,"[63.47, 64.67, 68.02]",25,100,"[0, 6, 4, 16, 14, 1]",-1.41
APP10137,Puma Jeans,14.36,23.12,"[20.01, 22.84, 25.25]",30,1000,"[11, 16, 14, 15, 7, 13]",-1.99
APP10138,Nike Cap,76.26,125.69,"[127.67, 127.88, 135.14]",20,50,"[7, 11, 3, 7, 12, 9]",-1.74
APP10139,Under Armour Cap,64.29,126.75,"[115.49, 118.66, 127.64]",25,1000,"[4, 3, 3, 10, 8, 12]",-1.6
APP10140,Reebok Jacket,49.05,65.38,"[62.69, 67.61, 73.17]",20,50,"[9, 8, 6, 12, 20, 5]",-2.33
APP10141,Nike Jacket,71.77,132.26,"[129.0, 132.47, 150.79]",30,5000,"[21, 30, 21, 26, 22, 26]",-2.44
APP10142,Levi's Hoodie,67.61,92.48,"[87.95, 89.12, 105.62]",15,100,"[19, 11, 9, 1, 10, 16]",-1.78
APP10143,Reebok Shorts,44.59,83.05,"[74.92, 78.94, 88.33]",35,1000,"[3, 3, 2, 0, 8, 11]",-1.26
APP10144,H&M Socks,34.67,64.94,"[64.38, 67.55, 74.27]",25,50,"[19, 17, 22, 15, 19, 18]",-0.77
APP10145,Nike Jeans,25.09,37.34,"[32.51, 36.31, 40.29]",25,1000,"[9, 10, 11, 13, 10, 7]",-1.16
APP10146,Puma Track Pants,49.23,63.45,"[62.44, 62.7, 70.39]",25,200,"[13, 6, 6, 7, 5, 7]",-0.57
APP10147,Nike Jeans,18.92,33.42,"[35.42, 36.69, 38.16]",35,1000,"[21, 15, 20, 16, 18, 14]",-1.42
APP10148,H&M Shorts,16.76,23.36,"[19.94, 21.97, 23.14]",25,200,"[10, 3, 4, 7, 2, 1]",-0.52
APP10149,H&M Track Pants,53.83,87.48,"[81.85, 85.62, 96.35]",35,100,"[18, 23, 14, 19, 22, 20]",-0.74
APP10150,Adidas Sweater,50.02,80.73,"[76.3, 79.05, 79.15]",35,1000,"[9, 11, 20, 12, 20, 18]",-2.24
APP10151,Under Armour Hoodie,26.39,48.28,"[44.84, 44.97, 55.1]",15,200,"[24, 13, 13, 13, 11, 2]",-2.41
APP10152,H&M T-Shirt,19.8,28.14,"[26.72, 27.99, 32.12]",35,50,"[1, 0, 11, 18, 8, 8]",-1.93
APP10153,Uniqlo Jacket,42.4,65.76,"[56.77, 60.21, 63.72]",25,100,"[29, 25, 27, 25, 33, 28]",-1.51
APP10154,H&M Jeans,59.16,117.98,"[104.94, 110.01, 114.25]",25,200,"[17, 19, 20, 11, 21, 12]",-0.59
APP10155,GAP Shorts,60.5,114.36,"[97.28, 121.82, 125.67]",15,50,"[21, 25, 20, 13, 20, 23]",-1.66
APP10156,Reebok Socks,62.58,78.65,"[68.74, 75.22, 89.07]",25,500,"[17, 14, 13, 25, 12, 12]",-1.22
APP10157,H&M Shorts,61.87,100.48,"[110.13, 110.4, 115.29]",30,500,"[16, 7, 14, 16, 16, 11]",-1.81
APP10158,Reebok Socks,61.04,105.1,"[102.89, 111.17, 116.0]",20,500,"[32, 27, 20, 29, 23, 17]",-1.34
APP10159,Under Armour Sweater,63.15,80.78,"[68.96, 77.63, 90.22]",30,50,"[11, 20, 7, 0, 5, 7]",-1.47
APP10160,Puma Track Pants,36.52,44.02,"[42.51, 45.29, 47.87]",35,50,"[15, 9, 16, 19, 9, 11]",-2.23
APP10161,Reebok Sweater,16.95,23.17,"[22.44, 22.57, 26.13]",35,100,"[14, 19, 17, 24, 17, 8]",-1.61
APP10162,Nike Hoodie,79.64,130.32,"[114.22, 116.7, 134.5]",25,50,"[33, 11, 18, 17, 18, 25]",-0.85
APP10163,Under Armour Sweater,59.63,80.01,"[73.65, 80.19, 84.27]",35,1000,"[12, 0, 8, 3, 7, 19]",-1.7
APP10164,GAP Shorts,79.57,151.52,"[154.67, 157.0, 157.13]",30,100,"[25, 25, 27, 26, 26, 20]",-1.3
APP10165,Zara Cap,34.74,54.43,"[46.89, 55.24, 58.44]",20,50,"[31, 27, 29, 28, 33, 28]",-1.32
APP10166,Uniqlo Cap,36.27,51.82,"[47.21, 50.06, 55.89]",20,200,"[35, 25, 29, 33, 39, 24]",-1.32
APP10167,Adidas Hoodie,66.46,105.09,"[89.43, 91.2, 120.73]",35,500,"[5, 10, 16, 5, 14, 4]",-1.05
APP10168,GAP Shorts,58.48,76.47,"[71.87, 73.23, 83.45]",15,100,"[35, 28, 34, 21, 28, 28]",-1.1
APP10169,Under Armour Hoodie,17.31,26.3,"[24.57, 27.78, 28.06]",20,50,"[12, 14, 6, 16, 15, 11]",-0.91
APP10170,Under Armour Sneakers,59.5,73.79,"[64.34, 69.26, 71.64]",15,100,"[4, 8, 9, 8, 11, 10]",-0.82
APP10171,Nike Jacket,48.43,66.61,"[57.29, 60.91, 64.93]",30,1000,"[24, 23, 27, 21, 31, 25]",-1.45
APP10172,GAP Jeans,42.42,58.87,"[55.16, 55.39, 59.99]",30,50,"[24, 34, 29, 31, 24, 20]",-2.29
APP10173,H&M Track Pants,23.23,42.43,"[43.62, 45.17, 47.47]",20,200,"[8, 17, 11, 9, 15, 10]",-1.87
APP10174,H&M Cap,65.23,124.82,"[120.23, 122.34, 140.17]",30,5000,"[12, 9, 11, 13, 7, 6]",-0.75
APP10175,Under Armour Sneakers,22.8,32.44,"[28.84, 34.15, 36.76]",15,100,"[27, 30, 24, 22, 24, 27]",-1.63
APP10176,Adidas Sweater,42.04,57.47,"[49.75, 55.21, 55.23]",20,1000,"[12, 28, 18, 29, 23, 25]",-1.2
APP10177,Puma Socks,65.74,118.54,"[102.04, 114.8, 133.86]",30,50,"[12, 1, 14, 4, 7, 7]",-1.93
APP10178,Nike Socks,35.75,44.56,"[39.37, 41.45, 44.77]",20,1000,"[19, 18, 20, 22, 14, 23]",-0.69
APP10179,Adidas Cap,28.67,51.03,"[44.01, 49.46, 56.81]",20,1000,"[30, 30, 29, 27, 30, 29]",-2.26
APP10180,Zara Socks,28.59,34.71,"[32.56, 34.9, 37.55]",35,100,"[16, 16, 16, 17, 15, 23]",-1.7
APP10181,GAP Shorts,31.2,39.08,"[35.89, 36.11, 38.89]",30,500,"[31, 35, 37, 29, 31, 36]",-0.95
APP10182,GAP Socks,24.35,43.36,"[44.92, 47.88, 48.51]",30,100,"[24, 22, 17, 30, 18, 27]",-1.81
APP10183,Uniqlo Cap,74.22,106.31,"[105.35, 112.93, 118.75]",20,50,"[21, 24, 13, 18, 18, 27]",-0.6
APP10184,Zara Cap,77.36,131.26,"[133.11, 141.53, 148.14]",25,50,"[6, 1, 9, 8, 7, 8]",-1.98
APP10185,Under Armour Hoodie,40.59,67.98,"[59.27, 70.48, 77.79]",35,50,"[19, 29, 19, 30, 28, 22]",-0.95
APP10186,Zara Jacket,31.7,43.92,"[43.37, 47.63, 49.98]",25,1000,"[31, 27, 24, 32, 32, 27]",-2.41
APP10187,Zara Jeans,66.57,89.36,"[82.76, 89.75, 97.62]",25,100,"[24, 0, 18, 6, 7, 4]",-1.95
APP10188,Under Armour Hoodie,53.54,106.76,"[103.12, 104.06, 109.12]",25,1000,"[5, 1, 3, 8, 5, 7]",-1.63
APP10189,Levi's Socks,50.61,81.65,"[76.32, 78.05, 87.99]",15,1000,"[10, 16, 14, 13, 11, 15]",-2.09
APP10190,Puma Sneakers,27.87,40.04,"[34.43, 41.17, 41.67]",20,100,"[19, 24, 16, 25, 19, 25]",-1.57
APP10191,H&M Sneakers,13.18,18.87,"[18.26, 19.13, 21.31]",20,200,"[29, 27, 25, 32, 33, 29]",-2.4
APP10192,Adidas Sweater,23.38,33.86,"[33.01, 35.29, 36.21]",30,1000,"[18, 18, 21, 18, 25, 19]",-1.42
APP10193,Levi's Socks,20.47,30.8,"[26.37, 30.01, 33.15]",30,100,"[16, 7, 2, 12, 13, 15]",-2.24
APP10194,H&M T-Shirt,49.21,89.79,"[80.96, 95.41, 102.52]",20,200,"[11, 10, 10, 6, 11, 10]",-0.78
APP10195,H&M Sweater,29.19,53.87,"[48.94, 51.21, 51.37]",35,5000,"[8, 5, 4, 16, 0, 9]",-1.53
APP10196,Nike Track Pants,45.47,68.65,"[58.68, 74.46, 77.02]",30,50,"[11, 17, 22, 20, 20, 18]",-2.4
APP10197,Zara T-Shirt,45.34,80.47,"[72.73, 87.71, 89.22]",25,200,"[18, 15, 18, 21, 9, 21]",-0.87
APP10198,Reebok Sweater,45.11,56.69,"[53.51, 62.65, 64.09]",30,5000,"[23, 20, 18, 18, 29, 16]",-1.83
APP10199,Uniqlo Socks,61.29,93.38,"[81.29, 87.38, 101.33]",35,200,"[21, 24, 21, 17, 21, 24]",-0.94
APP10200,Under Armour Cap,64.97,109.21,"[103.48, 123.67, 125.28]",20,3000,"[12, 9, 11, 8, 16, 17]",-1.65
APP10201,Reebok Sweater,34.26,52.01,"[47.41, 48.33, 51.75]",30,100,"[29, 28, 25, 28, 26, 27]",-1.3
APP10202,Nike Sweater,53.66,92.23,"[78.81, 85.79, 105.1]",25,100,"[23, 12, 17, 26, 24, 10]",-2.07
APP10203,H&M Sneakers,75.73,91.28,"[87.82, 94.71, 98.74]",30,50,"[5, 4, 4, 0, 5, 7]",-0.82
APP10204,Puma Track Pants,23.2,40.32,"[34.37, 35.5, 46.09]",35,200,"[8, 8, 7, 13, 8, 0]",-1.16
APP10205,Nike Sweater,59.06,80.51,"[69.64, 84.23, 88.2]",35,3000,"[2, 1, 13, 4, 13, 9]",-2.34
APP10206,GAP T-Shirt,76.6,143.3,"[156.42, 157.19, 161.9]",15,200,"[19, 6, 22, 15, 12, 17]",-0.9
APP10207,H&M Sneakers,33.35,63.1,"[54.3, 69.91, 70.96]",30,1000,"[0, 9, 3, 14, 15, 3]",-0.63
APP10208,Puma T-Shirt,14.48,26.93,"[23.07, 25.25, 26.48]",25,100,"[11, 8, 9, 18, 5, 15]",-2.18
APP10209,H&M Shorts,21.23,26.67,"[24.15, 27.98, 29.72]",20,1000,"[30, 23, 33, 15, 28, 20]",-2.35
APP10210,Zara Shorts,71.08,132.39,"[121.11, 143.76, 144.68]",25,500,"[24, 21, 26, 11, 14, 21]",-0.78
APP10211,H&M Hoodie,57.39,107.34,"[105.38, 115.34, 118.89]",30,500,"[15, 21, 14, 22, 19, 27]",-2.18
APP10212,Reebok Jeans,15.85,19.26,"[17.33, 17.77, 21.52]",30,100,"[23, 16, 16, 25, 23, 21]",-2.03
APP10213,Nike Socks,25.37,49.93,"[48.67, 50.78, 51.67]",15,200,"[19, 31, 20, 26, 25, 14]",-1.35
APP10214,Levi's Jacket,11.55,22.59,"[22.56, 23.92, 25.53]",15,200,"[24, 31, 32, 27, 28, 21]",-1.66
APP10215,Nike T-Shirt,11.27,20.67,"[18.0, 20.51, 21.05]",20,500,"[26, 20, 21, 21, 10, 20]",-0.92
APP10216,Under Armour T-Shirt,41.59,56.01,"[55.44, 61.97, 62.44]",35,50,"[28, 33, 31, 29, 29, 27]",-2.35
APP10217,Puma Jacket,36.28,66.87,"[65.54, 68.05, 76.84]",20,100,"[23, 22, 30, 27, 16, 17]",-2.41
APP10218,Zara Jeans,34.5,67.05,"[64.62, 73.72, 73.94]",35,100,"[7, 13, 12, 8, 9, 9]",-1.46
APP10219,Under Armour Cap,19.82,34.43,"[31.02, 35.67, 36.93]",25,50,"[11, 11, 12, 17, 13, 11]",-1.34
APP10220,Levi's Sneakers,54.27,71.92,"[66.98, 71.36, 76.59]",35,100,"[26, 26, 33, 29, 23, 29]",-2.35
APP10221,GAP Jeans,58.73,88.46,"[92.69, 96.32, 97.0]",20,100,"[20, 12, 6, 13, 16, 10]",-1.57
APP10222,Reebok Jeans,29.49,50.83,"[44.17, 55.05, 55.77]",35,1000,"[30, 31, 25, 25, 19, 26]",-1.67
APP10223,Nike Hoodie,72.19,134.23,"[139.47, 145.66, 148.65]",35,200,"[17, 21, 19, 19, 20, 11]",-2.37
APP10224,H&M Sweater,16.64,33.27,"[31.54, 35.75, 36.33]",20,1000,"[29, 12, 12, 12, 16, 22]",-2.47
APP10225,Adidas Track Pants,15.62,22.65,"[19.36, 19.37, 25.48]",20,500,"[13, 18, 12, 9, 16, 16]",-0.52
APP10226,Adidas Hoodie,62.97,97.84,"[89.88, 94.59, 103.93]",35,200,"[21, 22, 35, 34, 16, 22]",-1.51
APP10227,Adidas Track Pants,70.27,110.25,"[110.38, 124.8, 125.11]",15,1000,"[28, 30, 27, 25, 35, 28]",-0.88
APP10228,Levi's Socks,38.97,53.13,"[45.84, 52.38, 54.4]",30,3000,"[29, 26, 24, 24, 22, 24]",-1.52
APP10229,Levi's Jeans,38.13,50.44,"[47.07, 51.54, 56.82]",35,200,"[12, 8, 11, 12, 12, 12]",-1.27
APP10230,Levi's T-Shirt,27.24,47.74,"[47.76, 49.13, 54.56]",30,500,"[26, 25, 24, 24, 28, 20]",-1.29
APP10231,Zara Jeans,53.33,104.13,"[92.51, 99.37, 112.75]",30,200,"[17, 17, 13, 16, 13, 13]",-1.56
APP10232,Levi's Cap,28.8,36.89,"[32.99, 33.21, 42.13]",20,1000,"[10, 10, 6, 14, 5, 6]",-1.9
APP10233,H&M Sneakers,78.28,104.59,"[91.3, 113.28, 117.09]",35,5000,"[28, 24, 30, 20, 27, 29]",-1.34
APP10234,Reebok Track Pants,45.39,59.7,"[55.65, 59.48, 61.92]",35,50,"[27, 27, 23, 31, 22, 25]",-1.81
APP10235,Zara Cap,48.31,96.3,"[83.15, 87.61, 101.04]",30,50,"[12, 15, 25, 17, 1, 10]",-0.82
APP10236,GAP Hoodie,35.3,66.64,"[63.21, 64.78, 65.72]",25,1000,"[13, 6, 11, 25, 6, 15]",-1.39
APP10237,Under Armour Jeans,36.05,62.34,"[55.63, 56.45, 63.67]",25,100,"[9, 5, 8, 7, 7, 9]",-2.21
APP10238,Zara Jacket,36.22,66.58,"[58.33, 63.93, 67.71]",30,1000,"[11, 5, 6, 6, 8, 11]",-1.97
APP10239,GAP Track Pants,10.05,19.06,"[19.79, 20.49, 20.73]",30,50,"[0, 6, 1, 2, 8, 5]",-0.93
APP10240,Levi's T-Shirt,51.3,61.82,"[63.96, 65.58, 66.87]",30,1000,"[22, 21, 28, 17, 31, 20]",-0.97
APP10241,Levi's Sneakers,13.18,22.63,"[20.77, 22.41, 23.78]",30,1000,"[15, 33, 24, 26, 25, 23]",-2.03
APP10242,Under Armour Shorts,13.47,23.97,"[21.18, 22.4, 24.75]",25,50,"[0, 7, 5, 2, 0, 8]",-1.39
APP10243,Levi's Hoodie,69.95,130.67,"[123.54, 125.41, 147.42]",35,500,"[30, 23, 20, 17, 25, 23]",-1.97
APP10244,Reebok Socks,52.8,92.02,"[86.98, 101.63, 104.36]",15,1000,"[11, 7, 6, 0, 10, 17]",-1.81
APP10245,Uniqlo Jacket,40.5,74.34,"[66.36, 69.39, 70.17]",15,1000,"[18, 12, 17, 14, 15, 9]",-2.2
APP10246,Under Armour Sweater,77.77,121.12,"[111.91, 120.06, 121.18]",30,500,"[26, 31, 20, 32, 28, 23]",-0.71
APP10247,Uniqlo Jacket,73.64,106.86,"[96.94, 99.54, 112.98]",30,50,"[31, 24, 26, 23, 16, 26]",-1.51
APP10248,Zara Cap,31.0,51.98,"[46.0, 46.75, 50.95]",15,200,"[21, 20, 30, 22, 27, 11]",-0.61
APP10249,Adidas Hoodie,15.79,22.16,"[19.34, 19.49, 24.02]",20,100,"[10, 19, 17, 18, 21, 24]",-0.77
APP10250,H&M Jacket,25.61,48.62,"[49.51, 52.24, 52.84]",25,100,"[11, 11, 6, 13, 13, 13]",-2.22
APP10251,GAP Shorts,58.21,111.66,"[97.47, 119.87, 124.92]",30,1000,"[19, 16, 20, 18, 22, 18]",-1.37
APP10252,Uniqlo Socks,22.79,29.89,"[30.58, 32.24, 32.41]",25,100,"[28, 30, 26, 28, 16, 25]",-2.18
APP10253,H&M Socks,55.95,110.61,"[96.29, 112.67, 117.74]",25,200,"[34, 27, 27, 27, 21, 30]",-1.14
APP10254,Levi's Cap,75.81,93.81,"[88.73, 92.07, 105.05]",25,5000,"[2, 0, 12, 13, 7, 4]",-2.14
APP10255,Reebok Hoodie,20.98,39.06,"[33.69, 35.17, 38.11]",20,1000,"[7, 0, 8, 6, 13, 14]",-1.69
APP10256,Adidas Jacket,62.67,101.84,"[99.65, 107.26, 108.91]",25,1000,"[18, 16, 3, 17, 18, 9]",-1.95
APP10257,Adidas Socks,73.11,100.32,"[102.11, 110.21, 111.89]",20,500,"[3, 5, 10, 7, 7, 14]",-2.24
APP10258,Under Armour Jacket,36.76,62.33,"[61.48, 67.57, 71.64]",30,50,"[15, 19, 12, 20, 20, 9]",-1.67
APP10259,Reebok Track Pants,21.22,28.37,"[27.67, 30.56, 31.76]",35,50,"[25, 23, 27, 27, 22, 23]",-1.94
APP10260,GAP Hoodie,29.44,36.17,"[33.06, 35.3, 40.8]",15,50,"[7, 5, 7, 7, 0, 14]",-0.55
APP10261,Under Armour Hoodie,48.09,68.3,"[63.62, 72.59, 76.58]",20,100,"[13, 17, 15, 13, 17, 17]",-2.32
APP10262,Levi's Sneakers,23.53,29.19,"[27.26, 27.33, 30.3]",25,100,"[11, 8, 2, 8, 14, 0]",-2.18
APP10263,Nike Socks,50.04,92.29,"[82.58, 82.71, 99.49]",20,100,"[4, 7, 9, 7, 0, 12]",-0.89
APP10264,Reebok T-Shirt,27.26,54.0,"[50.95, 51.36, 51.49]",15,50,"[16, 21, 27, 25, 27, 25]",-1.71
APP10265,Uniqlo Hoodie,20.94,37.49,"[34.91, 35.92, 39.42]",20,50,"[15, 0, 20, 11, 25, 14]",-0.53
APP10266,Zara Jeans,63.76,98.67,"[97.08, 102.19, 103.56]",15,200,"[24, 22, 27, 21, 23, 17]",-1.99
APP10267,GAP Hoodie,70.59,90.52,"[80.36, 95.24, 103.53]",30,1000,"[11, 15, 16, 15, 16, 18]",-1.18
APP10268,Zara Cap,55.66,77.97,"[69.13, 71.24, 81.49]",25,500,"[6, 21, 18, 15, 13, 19]",-0.95
APP10269,Puma T-Shirt,57.1,101.6,"[101.37, 105.67, 110.91]",25,100,"[19, 23, 19, 33, 11, 24]",-0.67
APP10270,Zara Jeans,38.46,50.56,"[47.43, 50.95, 53.82]",15,500,"[1, 12, 9, 13, 1, 10]",-0.99
APP10271,H&M Cap,15.72,30.49,"[27.09, 28.9, 29.96]",15,50,"[21, 10, 7, 19, 13, 17]",-1.7
APP10272,GAP T-Shirt,61.03,111.31,"[94.61, 98.56, 118.39]",20,100,"[29, 24, 30, 18, 21, 11]",-2.22
APP10273,Puma Track Pants,15.67,29.21,"[25.6, 28.38, 33.39]",25,50,"[30, 25, 18, 19, 32, 20]",-1.14
APP10274,Adidas Jacket,32.07,41.9,"[37.23, 42.89, 43.56]",15,500,"[20, 14, 17, 17, 22, 20]",-1.88
APP10275,Uniqlo Sweater,44.44,81.65,"[74.94, 75.1, 82.9]",35,200,"[35, 20, 19, 23, 28, 34]",-2.03
APP10276,GAP Track Pants,54.64,101.41,"[87.46, 101.35, 107.17]",20,100,"[6, 12, 10, 12, 7, 15]",-0.62
APP10277,Uniqlo Sweater,47.08,84.08,"[92.48, 94.78, 96.07]",30,100,"[20, 32, 23, 31, 27, 24]",-2.0
APP10278,Zara Hoodie,18.43,30.73,"[26.69, 29.6, 35.06]",35,100,"[4, 8, 8, 13, 15, 15]",-1.59
APP10279,H&M Hoodie,37.79,59.12,"[52.65, 57.61, 63.21]",35,50,"[26, 12, 6, 21, 10, 13]",-1.72
APP10280,GAP T-Shirt,21.39,38.23,"[33.17, 34.89, 38.83]",35,200,"[9, 8, 22, 14, 8, 14]",-2.16
APP10281,Adidas Jacket,71.51,117.75,"[113.21, 121.79, 130.82]",20,200,"[20, 25, 29, 16, 20, 20]",-1.95
APP10282,Reebok Jeans,75.86,98.58,"[89.03, 109.67, 112.51]",20,500,"[12, 19, 13, 10, 5, 17]",-0.75
APP10283,Under Armour Sneakers,10.9,15.06,"[14.39, 15.36, 15.56]",35,50,"[16, 14, 15, 20, 15, 9]",-2.4
APP10284,Adidas Sneakers,67.43,125.49,"[119.96, 128.8, 136.78]",15,200,"[16, 19, 15, 16, 18, 15]",-2.17
APP10285,H&M Cap,39.06,47.32,"[40.52, 47.01, 51.86]",35,1000,"[9, 16, 12, 4, 9, 5]",-2.17
APP10286,Zara Hoodie,22.91,31.2,"[27.0, 30.14, 30.24]",15,200,"[22, 25, 23, 17, 28, 36]",-0.51
APP10287,Under Armour Hoodie,24.13,33.94,"[30.01, 36.77, 38.19]",25,1000,"[36, 28, 24, 30, 18, 26]",-1.78
APP10288,Zara Jeans,79.27,138.52,"[123.67, 133.62, 157.18]",20,200,"[18, 24, 22, 20, 20, 29]",-1.19
APP10289,Reebok Track Pants,50.57,61.58,"[53.11, 70.22, 70.61]",20,200,"[24, 21, 27, 27, 30, 26]",-1.14
APP10290,H&M Jeans,48.29,76.3,"[66.52, 71.28, 85.97]",35,100,"[13, 19, 15, 15, 15, 23]",-1.24
APP10291,Under Armour Sneakers,61.78,104.4,"[89.26, 94.84, 114.12]",25,100,"[7, 7, 2, 7, 11, 0]",-1.69
APP10292,Puma Jeans,46.37,92.61,"[82.48, 89.72, 97.48]",15,50,"[18, 24, 11, 16, 8, 11]",-1.89
APP10293,Puma Hoodie,61.16,107.68,"[102.83, 110.56, 121.85]",35,100,"[37, 19, 19, 26, 31, 22]",-1.37
APP10294,GAP Hoodie,28.28,49.66,"[50.66, 53.16, 54.07]",30,500,"[8, 14, 13, 19, 13, 9]",-0.68
APP10295,Adidas Cap,26.98,34.35,"[30.28, 30.52, 32.48]",25,200,"[6, 2, 0, 10, 9, 5]",-2.11
APP10296,H&M Hoodie,11.58,21.88,"[22.39, 22.52, 24.44]",35,1000,"[16, 27, 19, 18, 22, 21]",-0.92
APP10297,Uniqlo Cap,36.93,57.2,"[49.78, 58.74, 58.81]",30,1000,"[8, 15, 12, 8, 21, 20]",-0.9
APP10298,Adidas Track Pants,75.29,91.56,"[82.05, 90.42, 102.17]",15,200,"[22, 22, 21, 21, 15, 27]",-2.39
APP10299,H&M Shorts,19.63,23.57,"[20.21, 21.52, 26.42]",35,200,"[12, 6, 6, 14, 3, 7]",-0.55
APP10300,Reebok T-Shirt,55.19,107.49,"[101.15, 116.06, 116.58]",15,500,"[20, 22, 31, 17, 18, 28]",-2.21
APP10301,Under Armour Track Pants,24.46,35.48,"[30.23, 34.4, 36.93]",35,200,"[22, 22, 17, 25, 18, 22]",-1.18
APP10302,Nike Hoodie,54.91,67.02,"[62.34, 72.81, 75.13]",35,1000,"[26, 20, 21, 25, 20, 24]",-1.12
APP10303,Nike Sneakers,76.15,132.96,"[126.24, 132.98, 138.77]",30,200,"[22, 23, 19, 23, 18, 26]",-0.61
APP10304,Uniqlo Cap,70.99,101.63,"[110.26, 110.88, 116.46]",25,200,"[7, 16, 12, 12, 12, 12]",-1.55
APP10305,Puma Track Pants,69.44,104.63,"[94.22, 106.17, 115.19]",30,50,"[0, 11, 15, 8, 8, 11]",-1.56
APP10306,Zara Jeans,59.39,115.08,"[102.63, 102.72, 108.32]",30,500,"[26, 26, 20, 29, 30, 23]",-1.71
APP10307,Levi's Sweater,19.75,23.87,"[22.93, 24.19, 27.28]",25,100,"[28, 28, 27, 29, 28, 25]",-2.37
APP10308,Levi's Jeans,37.77,59.65,"[58.78, 60.19, 66.26]",20,200,"[27, 29, 23, 22, 31, 28]",-1.88
APP10309,Levi's Sweater,69.2,97.41,"[82.85, 93.8, 99.48]",30,200,"[11, 16, 15, 14, 10, 14]",-1.48
APP10310,Reebok Sweater,34.42,51.63,"[45.6, 53.51, 55.02]",35,50,"[9, 9, 6, 14, 7, 11]",-1.6
APP10311,Nike Cap,61.74,108.0,"[116.85, 118.21, 120.23]",15,500,"[7, 6, 7, 6, 2, 10]",-1.42
APP10312,Levi's Hoodie,79.45,149.84,"[131.74, 142.9, 159.12]",25,50,"[10, 16, 13, 16, 13, 10]",-1.62
APP10313,Adidas Sweater,78.42,144.79,"[146.4, 155.1, 159.56]",35,100,"[17, 17, 18, 20, 21, 23]",-1.23
APP10314,Nike Socks,18.67,23.46,"[21.28, 25.72, 26.34]",30,200,"[9, 3, 6, 11, 6, 0]",-2.08
APP10315,H&M T-Shirt,18.09,33.81,"[28.88, 33.84, 36.88]",20,5000,"[21, 20, 19, 17, 19, 25]",-1.12
APP10316,Uniqlo Shorts,21.73,31.47,"[31.5, 33.73, 34.27]",35,500,"[25, 22, 23, 29, 23, 22]",-0.56
APP10317,Zara Cap,61.43,108.1,"[95.64, 114.78, 119.55]",15,200,"[16, 5, 0, 0, 8, 11]",-1.23
APP10318,Under Armour Hoodie,41.52,67.47,"[71.45, 72.44, 74.07]",35,3000,"[7, 8, 6, 19, 14, 8]",-0.87
APP10319,Puma Hoodie,36.75,47.99,"[43.62, 44.21, 45.11]",30,500,"[31, 40, 32, 32, 28, 22]",-1.55
APP10320,Zara Jeans,36.48,58.87,"[53.56, 57.32, 57.34]",15,50,"[7, 8, 2, 4, 6, 0]",-2.09
APP10321,GAP Jacket,48.08,66.6,"[61.52, 64.55, 73.57]",20,1000,"[9, 16, 8, 12, 2, 8]",-2.17
APP10322,Reebok Socks,74.15,108.43,"[103.19, 104.27, 116.88]",15,5000,"[32, 32, 24, 23, 17, 24]",-0.75
APP10323,Uniqlo Sweater,16.1,25.6,"[23.77, 26.55, 27.07]",15,1000,"[10, 6, 14, 8, 5, 12]",-1.63
APP10324,Under Armour Jeans,69.39,103.43,"[107.25, 112.55, 117.11]",30,500,"[19, 20, 20, 17, 15, 32]",-1.26
APP10325,Adidas Sneakers,43.62,75.43,"[66.67, 69.07, 77.61]",30,200,"[22, 29, 29, 31, 33, 29]",-1.45
APP10326,Reebok Socks,59.51,83.42,"[74.0, 76.06, 82.09]",25,50,"[6, 6, 1, 0, 8, 3]",-0.79
APP10327,H&M Cap,75.71,120.67,"[117.71, 127.94, 133.54]",30,100,"[14, 16, 21, 14, 8, 23]",-1.55
APP10328,Under Armour Cap,69.82,102.78,"[90.08, 111.31, 114.18]",35,1000,"[18, 13, 19, 18, 15, 6]",-1.0
APP10329,Puma Sweater,68.56,120.9,"[113.87, 129.56, 136.45]",20,100,"[14, 17, 11, 15, 15, 5]",-1.37
APP10330,GAP Socks,52.04,69.37,"[66.87, 71.81, 79.15]",20,500,"[7, 3, 4, 1, 4, 6]",-2.0
APP10331,Adidas Hoodie,38.55,54.88,"[48.89, 58.63, 60.04]",30,100,"[8, 4, 5, 17, 10, 0]",-1.81
APP10332,Levi's Socks,75.3,145.94,"[138.4, 146.04, 156.32]",25,50,"[20, 14, 14, 16, 21, 11]",-1.83
APP10333,Nike Hoodie,22.57,32.16,"[31.75, 31.92, 34.89]",25,1000,"[22, 27, 24, 17, 20, 24]",-2.43
APP10334,GAP Track Pants,13.69,25.56,"[22.07, 22.63, 25.08]",30,1000,"[21, 18, 27, 23, 28, 16]",-1.8
APP10335,Puma Cap,53.21,101.52,"[93.34, 98.6, 116.54]",35,1000,"[0, 8, 13, 8, 3, 13]",-2.1
APP10336,Zara Shorts,28.56,38.15,"[33.52, 33.72, 37.22]",25,50,"[24, 31, 17, 14, 20, 25]",-1.47
APP10337,Uniqlo Socks,16.97,20.58,"[19.82, 21.22, 23.44]",30,50,"[14, 8, 8, 9, 12, 12]",-2.18
APP10338,Zara Shorts,47.61,64.44,"[60.02, 60.89, 68.68]",20,1000,"[28, 29, 23, 33, 30, 25]",-1.55
APP10339,Under Armour Track Pants,25.81,43.7,"[37.67, 41.42, 43.29]",30,50,"[10, 10, 14, 8, 19, 2]",-2.46
APP10340,Under Armour Sweater,12.41,19.32,"[16.92, 21.16, 21.55]",15,200,"[32, 33, 25, 20, 32, 26]",-2.3
APP10341,Levi's Cap,40.01,68.13,"[62.31, 70.74, 76.79]",30,5000,"[18, 19, 15, 12, 11, 10]",-0.53
APP10342,H&M Sneakers,54.99,97.56,"[93.97, 106.39, 111.51]",30,200,"[22, 20, 23, 32, 20, 35]",-1.02
APP10343,Nike Sneakers,25.98,32.39,"[29.16, 30.45, 32.14]",35,100,"[28, 23, 23, 12, 20, 20]",-2.24
APP10344,GAP Shorts,65.82,105.73,"[99.73, 106.19, 113.67]",15,1000,"[24, 29, 22, 22, 14, 8]",-1.73
APP10345,Zara Jeans,77.67,136.52,"[119.45, 135.72, 151.39]",35,50,"[26, 29, 25, 31, 27, 15]",-0.82
APP10346,Zara T-Shirt,55.56,94.01,"[84.86, 94.38, 100.08]",20,5000,"[14, 14, 18, 16, 10, 16]",-0.72
APP10347,H&M Sneakers,42.22,74.63,"[64.56, 65.6, 85.46]",15,500,"[17, 14, 14, 11, 2, 10]",-1.38
APP10348,Zara Hoodie,17.84,30.11,"[30.73, 32.75, 34.51]",25,100,"[10, 10, 13, 10, 10, 7]",-0.72
APP10349,GAP Sweater,28.39,44.79,"[42.43, 49.14, 50.87]",15,500,"[17, 14, 19, 3, 13, 12]",-2.33
APP10350,Levi's Socks,31.23,61.62,"[58.57, 62.93, 69.84]",30,3000,"[23, 21, 24, 30, 23, 21]",-0.92
APP10351,Levi's Cap,11.68,19.01,"[17.37, 20.08, 20.43]",35,1000,"[35, 37, 21, 25, 38, 26]",-2.05
APP10352,Nike Track Pants,48.07,84.41,"[84.79, 87.23, 96.83]",15,100,"[28, 18, 26, 33, 24, 30]",-1.0
APP10353,Under Armour Hoodie,26.52,34.87,"[31.54, 31.58, 35.0]",20,1000,"[26, 23, 21, 15, 23, 24]",-1.72
APP10354,Adidas Sweater,19.2,27.07,"[24.02, 27.73, 28.84]",15,200,"[19, 16, 13, 20, 31, 23]",-1.95
APP10355,Adidas Cap,61.55,76.4,"[66.07, 73.04, 73.79]",20,100,"[16, 16, 23, 16, 27, 17]",-0.93
APP10356,Reebok T-Shirt,38.36,46.12,"[44.47, 46.07, 50.96]",15,50,"[29, 25, 24, 20, 15, 21]",-2.23
APP10357,Levi's T-Shirt,76.73,96.54,"[87.83, 92.13, 100.02]",25,200,"[9, 6, 12, 5, 3, 8]",-0.77
APP10358,Levi's Shorts,71.01,108.98,"[102.55, 107.16, 116.06]",30,100,"[35, 28, 28, 28, 34, 23]",-1.87
APP10359,Puma Jacket,14.26,25.12,"[21.43, 23.83, 24.44]",35,500,"[30, 24, 24, 18, 30, 31]",-0.53
APP10360,H&M Track Pants,25.76,44.56,"[39.97, 46.03, 50.11]",20,1000,"[20, 12, 16, 22, 28, 21]",-1.61
APP10361,Puma Sneakers,11.9,18.56,"[16.47, 17.43, 20.95]",15,500,"[5, 0, 8, 9, 7, 5]",-0.88
APP10362,GAP Sweater,63.74,82.3,"[84.21, 85.85, 90.55]",35,500,"[23, 29, 26, 31, 21, 22]",-1.64
APP10363,Under Armour Cap,79.93,110.0,"[96.91, 109.62, 112.81]",35,200,"[13, 17, 21, 18, 19, 22]",-2.35
APP10364,Puma Jacket,17.87,22.15,"[19.73, 20.54, 20.56]",30,100,"[29, 12, 30, 27, 26, 28]",-1.63
APP10365,Reebok Cap,42.48,77.79,"[80.19, 81.39, 89.42]",25,50,"[7, 10, 1, 6, 5, 9]",-2.42
APP10366,Nike Cap,35.36,65.81,"[57.03, 65.01, 69.79]",25,200,"[11, 13, 11, 1, 9, 0]",-1.79
APP10367,Uniqlo Sneakers,57.78,99.95,"[93.0, 94.42, 106.41]",15,50,"[20, 18, 12, 9, 21, 18]",-0.86
APP10368,Zara Shorts,27.13,41.7,"[38.49, 45.94, 46.42]",35,200,"[12, 13, 1, 7, 6, 10]",-0.99
APP10369,Reebok Sweater,50.77,68.5,"[59.4, 62.01, 62.09]",25,200,"[12, 7, 12, 11, 12, 14]",-1.98
APP10370,Zara Hoodie,68.69,121.75,"[128.58, 128.67, 136.11]",20,100,"[23, 15, 15, 18, 8, 18]",-1.84
APP10371,H&M Cap,52.16,76.04,"[66.25, 79.7, 82.36]",15,1000,"[29, 28, 30, 20, 26, 26]",-2.43
APP10372,Under Armour Sweater,50.59,67.45,"[60.89, 62.1, 71.74]",35,200,"[15, 16, 17, 25, 11, 20]",-2.19
APP10373,Levi's Track Pants,57.84,96.88,"[91.34, 95.37, 104.29]",25,200,"[14, 20, 16, 13, 16, 8]",-2.05
APP10374,Reebok T-Shirt,48.2,84.21,"[76.38, 83.43, 84.74]",30,50,"[30, 17, 37, 39, 26, 22]",-1.6
APP10375,Reebok T-Shirt,61.35,114.85,"[100.61, 105.78, 116.4]",35,50,"[22, 30, 25, 25, 14, 23]",-2.42
APP10376,Nike Track Pants,41.89,80.13,"[81.8, 88.12, 91.95]",30,50,"[24, 23, 19, 27, 20, 21]",-0.79
APP10377,Reebok Jacket,67.2,104.74,"[91.49, 95.87, 104.4]",35,200,"[17, 14, 12, 25, 13, 17]",-2.49
APP10378,Levi's Jacket,21.38,31.63,"[29.88, 33.34, 34.39]",20,100,"[23, 21, 25, 16, 30, 14]",-2.29
APP10379,GAP Hoodie,11.18,21.55,"[20.06, 23.62, 24.78]",20,100,"[16, 4, 7, 8, 11, 14]",-0.52
APP10380,Adidas T-Shirt,34.1,42.6,"[38.93, 42.88, 45.59]",25,1000,"[27, 28, 22, 20, 38, 29]",-0.69
APP10381,Zara T-Shirt,19.64,24.42,"[20.89, 21.81, 25.58]",35,500,"[19, 22, 19, 24, 24, 23]",-2.15
APP10382,Levi's Sneakers,35.29,60.34,"[52.57, 57.83, 60.97]",15,5000,"[28, 35, 31, 35, 28, 33]",-1.29
APP10383,Reebok Shorts,54.1,82.98,"[70.95, 72.86, 74.13]",30,1000,"[17, 20, 26, 23, 26, 28]",-1.81
APP10384,Puma Jacket,11.34,19.87,"[19.48, 20.66, 22.53]",20,200,"[22, 22, 20, 30, 18, 25]",-0.87
APP10385,Uniqlo Shorts,51.19,70.06,"[64.53, 72.75, 76.99]",35,200,"[23, 26, 25, 26, 27, 28]",-1.49
APP10386,Uniqlo Hoodie,40.91,53.37,"[50.02, 59.28, 59.85]",20,50,"[21, 35, 22, 16, 23, 22]",-1.83
APP10387,Reebok Cap,76.66,124.68,"[110.82, 126.29, 129.6]",25,100,"[22, 25, 20, 18, 22, 19]",-0.79
APP10388,Levi's Jeans,75.35,146.64,"[125.89, 130.15, 141.45]",30,1000,"[30, 19, 29, 22, 31, 23]",-0.95
APP10389,Adidas Sneakers,57.14,96.66,"[84.44, 91.76, 108.04]",20,100,"[20, 13, 21, 25, 19, 23]",-2.29
APP10390,H&M Socks,59.17,85.18,"[79.27, 94.33, 97.91]",25,200,"[13, 10, 10, 8, 3, 8]",-2.27
APP10391,Adidas Sweater,69.09,90.61,"[78.03, 79.21, 91.16]",15,500,"[7, 9, 10, 15, 14, 12]",-2.2
APP10392,Reebok Socks,75.86,102.13,"[98.36, 104.2, 116.37]",15,100,"[18, 17, 18, 20, 8, 28]",-1.5
APP10393,Zara Shorts,15.05,26.3,"[26.18, 26.33, 28.39]",25,50,"[10, 5, 7, 0, 6, 2]",-0.97
APP10394,GAP Sweater,50.95,71.99,"[61.87, 63.77, 74.63]",25,3000,"[17, 8, 9, 4, 5, 9]",-1.66
APP10395,Adidas Jacket,69.73,131.44,"[115.3, 115.64, 122.08]",30,1000,"[15, 13, 14, 15, 12, 11]",-1.86
APP10396,Nike Track Pants,63.42,116.81,"[100.85, 112.78, 113.93]",35,100,"[9, 3, 5, 8, 13, 7]",-0.63
APP10397,Levi's Track Pants,45.95,90.07,"[87.21, 91.03, 99.48]",20,200,"[15, 22, 17, 14, 20, 17]",-1.05
APP10398,Adidas Cap,74.24,143.04,"[144.23, 145.5, 147.53]",25,5000,"[28, 29, 28, 22, 30, 19]",-1.4
APP10399,H&M Jeans,34.96,54.46,"[50.51, 52.46, 62.07]",20,100,"[32, 24, 29, 26, 28, 20]",-1.93
APP10400,Nike T-Shirt,60.59,118.53,"[117.2, 121.5, 133.36]",25,1000,"[28, 24, 20, 25, 22, 22]",-1.46
APP10401,Zara Jeans,26.41,34.3,"[30.43, 35.16, 36.72]",15,100,"[16, 25, 29, 30, 23, 24]",-2.27
APP10402,Under Armour Socks,10.27,20.54,"[20.6, 22.31, 22.4]",20,100,"[24, 20, 17, 15, 13, 12]",-1.26
APP10403,H&M Cap,54.68,96.21,"[85.01, 97.16, 106.3]",25,200,"[4, 8, 0, 18, 8, 6]",-1.34
APP10404,Uniqlo Sweater,47.82,59.31,"[50.99, 51.53, 53.75]",35,500,"[19, 15, 8, 14, 24, 19]",-1.89
APP10405,Puma Sweater,42.2,60.07,"[53.93, 57.72, 67.02]",15,50,"[14, 14, 20, 8, 15, 15]",-0.56
APP10406,Zara Track Pants,11.54,21.26,"[18.94, 19.97, 23.1]",30,50,"[9, 9, 5, 10, 9, 11]",-2.5
APP10407,Reebok T-Shirt,72.58,117.39,"[109.03, 126.8, 132.42]",25,200,"[16, 18, 13, 18, 10, 13]",-0.95
APP10408,Under Armour Cap,66.22,87.59,"[78.43, 84.08, 84.26]",30,1000,"[10, 7, 13, 8, 10, 18]",-1.34
APP10409,Under Armour Shorts,73.79,121.26,"[109.42, 116.85, 133.74]",15,500,"[6, 9, 10, 18, 18, 11]",-1.5
APP10410,Levi's Socks,39.06,52.16,"[44.5, 45.77, 47.27]",25,200,"[9, 6, 11, 10, 21, 15]",-1.17
APP10411,Nike Sweater,68.54,94.06,"[83.35, 84.37, 103.98]",25,5000,"[14, 19, 20, 21, 21, 15]",-0.58
APP10412,Under Armour Jeans,64.26,109.08,"[110.43, 112.57, 120.52]",30,1000,"[1, 8, 10, 5, 7, 5]",-1.6
APP10413,Adidas Jacket,19.99,30.22,"[28.59, 33.56, 34.32]",35,1000,"[23, 34, 27, 27, 28, 21]",-1.49
APP10414,Nike T-Shirt,10.95,16.32,"[16.81, 18.03, 18.22]",25,200,"[22, 22, 26, 27, 35, 30]",-2.44
APP10415,Under Armour Sneakers,53.27,85.64,"[74.89, 82.03, 86.82]",35,50,"[26, 16, 20, 23, 21, 22]",-1.97
APP10416,Under Armour Jeans,39.51,50.4,"[44.74, 49.11, 54.37]",35,3000,"[19, 10, 21, 18, 13, 16]",-1.95
APP10417,Under Armour Track Pants,78.6,131.81,"[112.33, 132.53, 140.1]",20,50,"[26, 34, 29, 27, 26, 29]",-2.08
APP10418,Under Armour Shorts,69.39,133.56,"[123.82, 135.23, 138.75]",20,1000,"[19, 13, 21, 23, 21, 19]",-0.68
APP10419,GAP T-Shirt,24.65,30.36,"[32.56, 33.34, 34.62]",25,1000,"[11, 5, 12, 10, 9, 17]",-0.52
APP10420,Puma Sneakers,28.63,53.44,"[52.27, 55.82, 57.08]",35,500,"[11, 21, 26, 21, 24, 22]",-2.09
APP10421,Reebok Sneakers,71.14,88.77,"[83.83, 84.22, 99.12]",15,200,"[10, 16, 11, 11, 12, 10]",-0.73
APP10422,Nike Sneakers,64.24,114.87,"[106.92, 125.12, 128.22]",15,50,"[4, 0, 3, 10, 13, 9]",-0.62
APP10423,Levi's Jacket,71.71,115.61,"[117.44, 117.77, 125.14]",35,50,"[25, 25, 23, 14, 18, 19]",-0.5
APP10424,Levi's T-Shirt,53.57,82.75,"[71.57, 77.49, 85.33]",20,50,"[29, 25, 28, 20, 24, 26]",-1.81
APP10425,Reebok T-Shirt,28.57,49.97,"[46.49, 54.64, 56.7]",20,50,"[10, 13, 15, 9, 17, 23]",-1.2
APP10426,H&M Socks,62.76,106.54,"[107.82, 113.81, 114.52]",15,500,"[25, 18, 25, 27, 33, 23]",-1.29
APP10427,Adidas Cap,30.92,47.27,"[42.03, 43.27, 53.88]",30,100,"[29, 24, 29, 31, 29, 28]",-1.93
APP10428,Levi's Socks,49.17,69.99,"[63.83, 66.82, 78.88]",35,1000,"[6, 13, 8, 4, 4, 4]",-2.08
APP10429,Adidas Cap,65.48,88.37,"[75.77, 76.88, 101.59]",35,1000,"[14, 9, 8, 9, 5, 7]",-0.65
APP10430,Under Armour Track Pants,70.76,113.2,"[98.3, 117.39, 120.49]",15,5000,"[25, 29, 29, 43, 29, 24]",-1.83
APP10431,Uniqlo Hoodie,46.53,77.64,"[66.19, 82.6, 83.72]",30,100,"[28, 31, 20, 35, 22, 29]",-0.86
APP10432,Nike T-Shirt,18.17,31.34,"[29.85, 31.81, 33.67]",30,200,"[30, 29, 25, 22, 32, 28]",-0.62
APP10433,H&M Sweater,61.77,78.4,"[76.29, 77.71, 82.38]",15,50,"[16, 24, 13, 10, 19, 20]",-1.96
APP10434,Zara Cap,18.23,25.55,"[25.81, 26.18, 28.78]",15,200,"[24, 17, 16, 24, 21, 26]",-2.33
APP10435,Adidas Shorts,52.38,65.25,"[65.85, 68.44, 68.63]",35,200,"[27, 19, 18, 15, 33, 14]",-0.86
APP10436,Puma Jeans,22.02,40.65,"[41.33, 43.0, 43.08]",20,200,"[27, 24, 35, 20, 22, 17]",-1.14
APP10437,Reebok Track Pants,25.87,43.5,"[38.16, 43.47, 46.08]",35,100,"[8, 13, 4, 8, 23, 7]",-1.46
APP10438,Uniqlo Shorts,20.48,25.65,"[24.57, 26.11, 27.42]",30,1000,"[27, 26, 22, 30, 22, 27]",-2.24
APP10439,GAP Socks,34.19,63.12,"[54.85, 56.15, 58.32]",25,1000,"[33, 28, 29, 30, 28, 27]",-1.44
APP10440,Zara Socks,38.06,54.73,"[49.93, 57.71, 59.64]",35,1000,"[21, 18, 24, 18, 10, 22]",-0.88
APP10441,H&M Jeans,30.63,50.75,"[47.75, 48.91, 54.49]",15,200,"[18, 25, 18, 18, 21, 11]",-1.62
APP10442,Uniqlo Jacket,25.28,32.97,"[28.15, 29.55, 35.0]",30,100,"[24, 17, 29, 13, 19, 17]",-2.32
APP10443,Zara Jacket,77.31,142.7,"[130.87, 140.97, 161.26]",30,100,"[14, 12, 3, 8, 11, 11]",-1.22
APP10444,Levi's Cap,69.74,124.83,"[122.35, 134.1, 139.14]",30,5000,"[11, 1, 7, 8, 10, 14]",-0.5
APP10445,H&M Jeans,30.08,42.84,"[38.47, 38.52, 40.08]",25,1000,"[30, 20, 14, 13, 24, 18]",-2.4
APP10446,H&M Shorts,52.24,96.4,"[82.37, 86.48, 90.98]",25,200,"[10, 0, 2, 11, 14, 12]",-0.62
APP10447,Levi's Sneakers,66.36,124.79,"[117.43, 126.68, 136.99]",30,100,"[0, 9, 4, 4, 5, 1]",-1.24
APP10448,Adidas Jeans,35.57,57.92,"[62.93, 63.45, 65.88]",15,1000,"[22, 14, 17, 24, 16, 15]",-0.63
APP10449,Adidas Sweater,70.17,124.05,"[123.39, 124.81, 141.74]",15,5000,"[5, 10, 9, 15, 12, 10]",-1.77
APP10450,Levi's Sneakers,37.32,47.95,"[44.91, 49.18, 50.4]",35,200,"[16, 12, 19, 22, 22, 22]",-2.46
APP10451,Nike Track Pants,32.89,55.99,"[52.21, 58.24, 62.87]",35,50,"[27, 27, 23, 23, 22, 31]",-1.89
APP10452,Uniqlo Shorts,20.66,29.15,"[27.72, 28.52, 31.19]",15,100,"[7, 13, 22, 13, 13, 10]",-0.79
APP10453,H&M Shorts,10.34,20.16,"[17.78, 20.06, 22.23]",30,500,"[13, 1, 6, 11, 7, 16]",-2.4
APP10454,Nike Hoodie,26.17,48.19,"[46.98, 47.95, 53.27]",35,5000,"[16, 17, 21, 12, 16, 25]",-2.3
APP10455,Reebok Shorts,66.85,126.53,"[114.09, 139.84, 140.87]",15,200,"[6, 10, 16, 15, 13, 23]",-2.18
APP10456,GAP Socks,13.74,21.39,"[18.5, 20.64, 21.83]",20,1000,"[18, 18, 16, 17, 24, 18]",-2.23
APP10457,Puma Cap,26.01,49.57,"[42.43, 49.18, 53.33]",20,200,"[11, 7, 2, 15, 3, 0]",-1.48
APP10458,Adidas Shorts,32.33,63.86,"[62.36, 70.96, 72.16]",35,500,"[4, 10, 14, 10, 3, 8]",-2.17
APP10459,Levi's Jeans,36.53,54.17,"[48.2, 54.31, 56.97]",25,500,"[30, 30, 26, 21, 23, 29]",-2.44
APP10460,GAP Jacket,76.28,106.23,"[92.95, 97.94, 119.89]",30,200,"[22, 12, 11, 16, 8, 21]",-1.76
APP10461,Uniqlo Track Pants,58.3,88.02,"[77.49, 83.96, 96.89]",35,500,"[12, 6, 5, 6, 14, 9]",-2.02
APP10462,Uniqlo T-Shirt,15.5,23.02,"[23.37, 24.73, 25.21]",35,5000,"[10, 21, 13, 12, 16, 7]",-1.59
APP10463,Reebok T-Shirt,70.44,136.2,"[122.05, 151.03, 156.5]",20,100,"[33, 20, 32, 22, 30, 25]",-1.45
APP10464,Reebok Hoodie,75.09,119.17,"[105.58, 118.83, 129.99]",25,100,"[1, 0, 14, 1, 0, 2]",-1.72
APP10465,Levi's T-Shirt,26.96,52.29,"[44.66, 44.75, 52.63]",20,5000,"[19, 25, 34, 30, 33, 26]",-1.83
APP10466,Puma Track Pants,63.56,98.28,"[84.08, 97.81, 102.65]",30,500,"[24, 25, 23, 27, 31, 18]",-0.83
APP10467,Adidas Sneakers,13.06,18.14,"[15.47, 16.52, 20.26]",15,5000,"[12, 10, 24, 14, 16, 14]",-1.05
APP10468,Adidas Socks,24.84,31.9,"[28.63, 33.7, 34.65]",20,100,"[19, 17, 23, 19, 19, 14]",-0.74
APP10469,H&M Sweater,38.7,61.36,"[53.45, 57.28, 58.13]",30,3000,"[11, 15, 18, 11, 15, 14]",-1.19
APP10470,Levi's Sneakers,43.02,71.3,"[61.6, 73.95, 74.0]",25,1000,"[16, 15, 11, 20, 21, 15]",-1.33
APP10471,Reebok Shorts,45.6,66.34,"[62.12, 70.94, 71.06]",35,50,"[29, 26, 22, 22, 22, 27]",-1.98
APP10472,GAP Jeans,26.92,42.71,"[41.15, 45.91, 47.67]",15,50,"[17, 10, 15, 10, 20, 20]",-2.04
APP10473,Puma Sneakers,74.56,124.82,"[120.32, 124.89, 128.75]",35,200,"[32, 32, 29, 29, 25, 26]",-1.57
APP10474,Nike Jeans,28.56,51.05,"[44.66, 53.13, 56.79]",25,3000,"[21, 20, 15, 17, 22, 30]",-2.16
APP10475,Zara Sweater,28.7,46.13,"[41.25, 47.04, 47.68]",30,500,"[24, 23, 24, 26, 26, 24]",-1.99
APP10476,GAP Cap,70.09,114.75,"[109.35, 116.87, 117.14]",30,50,"[11, 8, 10, 1, 15, 12]",-1.18
APP10477,Reebok Jacket,40.38,74.93,"[66.38, 75.65, 84.05]",35,100,"[10, 7, 4, 10, 7, 1]",-0.83
APP10478,Adidas Shorts,75.06,127.81,"[118.38, 123.78, 146.3]",30,5000,"[17, 24, 27, 20, 24, 13]",-1.79
APP10479,Adidas Hoodie,32.45,63.96,"[54.82, 62.62, 66.68]",35,1000,"[26, 24, 31, 34, 19, 27]",-1.49
APP10480,Zara Socks,48.14,68.69,"[73.27, 75.75, 77.93]",25,50,"[29, 27, 33, 29, 23, 35]",-0.57
APP10481,Nike Jacket,66.11,112.67,"[105.67, 108.4, 118.42]",30,50,"[20, 26, 22, 24, 18, 15]",-2.37
APP10482,GAP T-Shirt,79.25,97.59,"[95.91, 102.13, 110.73]",15,100,"[14, 29, 23, 19, 25, 27]",-2.03
APP10483,Under Armour Hoodie,16.85,27.99,"[24.26, 25.37, 28.44]",20,50,"[29, 19, 28, 25, 32, 21]",-1.52
APP10484,Puma Hoodie,45.88,64.88,"[64.0, 64.31, 68.9]",25,3000,"[10, 7, 11, 5, 5, 12]",-1.96
APP10485,Levi's Jeans,55.83,84.42,"[75.66, 76.68, 90.29]",15,1000,"[20, 22, 16, 11, 3, 18]",-1.32
APP10486,Zara Sweater,16.25,25.1,"[22.65, 25.56, 28.77]",20,500,"[17, 14, 15, 15, 13, 16]",-2.13
APP10487,Puma Sweater,51.25,84.46,"[75.05, 90.51, 92.38]",35,50,"[18, 23, 7, 9, 18, 10]",-0.56
APP10488,Under Armour Socks,22.3,37.41,"[34.65, 36.56, 36.81]",35,1000,"[28, 27, 21, 22, 26, 21]",-1.61
APP10489,Levi's Jeans,23.16,39.89,"[35.68, 40.21, 40.54]",30,500,"[20, 20, 13, 6, 12, 12]",-2.45
APP10490,Nike Sweater,72.77,99.59,"[88.46, 91.45, 93.01]",15,500,"[15, 7, 10, 11, 9, 7]",-2.11
APP10491,Zara Jeans,72.48,113.57,"[99.74, 113.48, 119.6]",25,100,"[1, 5, 7, 0, 10, 6]",-1.76
APP10492,GAP Sweater,36.14,54.46,"[56.33, 56.92, 59.96]",35,100,"[0, 10, 19, 9, 0, 6]",-2.22
APP10493,H&M Sweater,40.76,65.1,"[63.22, 63.56, 68.59]",25,5000,"[9, 10, 5, 4, 9, 1]",-1.49
APP10494,Adidas Sweater,70.7,138.72,"[134.76, 138.98, 158.34]",15,100,"[13, 10, 2, 6, 13, 10]",-0.83
APP10495,Levi's Sneakers,79.68,97.05,"[85.78, 100.24, 106.38]",35,100,"[19, 19, 21, 12, 17, 16]",-0.64
APP10496,Zara Shorts,65.26,116.08,"[108.21, 113.56, 128.13]",15,100,"[24, 23, 31, 25, 29, 28]",-1.8
APP10497,H&M Jeans,38.33,58.07,"[50.43, 52.7, 59.65]",20,5000,"[14, 16, 10, 15, 14, 27]",-0.79
APP10498,H&M Track Pants,47.15,66.21,"[60.91, 67.06, 69.7]",30,200,"[28, 27, 22, 24, 20, 23]",-0.84
APP10499,Uniqlo Jeans,29.24,52.24,"[45.88, 54.16, 59.31]",30,500,"[28, 23, 21, 22, 16, 28]",-2.5
APP10500,Reebok Shorts,18.41,29.96,"[29.22, 31.53, 32.03]",20,200,"[8, 5, 3, 10, 8, 1]",-1.89
APP10501,Levi's Sneakers,22.32,40.83,"[38.53, 45.0, 45.91]",15,1000,"[20, 21, 13, 23, 18, 20]",-1.22
APP10502,Uniqlo Jeans,13.54,26.28,"[23.83, 27.67, 29.92]",35,50,"[7, 16, 10, 8, 11, 7]",-1.0
APP10503,Uniqlo Jacket,44.2,74.37,"[70.48, 78.1, 85.16]",25,50,"[20, 22, 22, 20, 19, 13]",-1.97
APP10504,Levi's Sneakers,21.53,37.71,"[34.32, 35.67, 37.87]",20,200,"[34, 29, 26, 30, 29, 26]",-2.19
APP10505,Adidas Sneakers,69.5,123.78,"[116.32, 116.97, 136.47]",25,500,"[29, 28, 22, 27, 24, 30]",-0.73
APP10506,Under Armour Sneakers,46.95,75.78,"[77.55, 81.45, 86.34]",35,50,"[34, 37, 27, 35, 24, 25]",-1.26
APP10507,Puma Jeans,60.33,99.88,"[89.14, 107.02, 111.34]",20,200,"[1, 13, 0, 11, 8, 11]",-1.79
APP10508,Zara Cap,13.44,16.46,"[16.64, 16.73, 17.75]",35,1000,"[22, 16, 28, 17, 22, 27]",-1.22
APP10509,GAP Cap,13.83,21.1,"[18.63, 19.06, 21.52]",35,3000,"[10, 6, 10, 13, 5, 10]",-2.5
APP10510,GAP Shorts,66.71,84.73,"[77.32, 88.13, 95.27]",25,500,"[20, 14, 19, 17, 16, 18]",-2.47
APP10511,Puma Cap,74.5,97.07,"[95.49, 106.25, 108.41]",15,200,"[10, 18, 16, 8, 13, 11]",-1.07
APP10512,Zara Cap,56.16,95.46,"[84.09, 89.23, 91.97]",25,500,"[21, 30, 21, 20, 26, 26]",-1.46
APP10513,Reebok Track Pants,41.89,51.3,"[43.81, 57.14, 58.14]",15,200,"[23, 28, 19, 30, 26, 23]",-2.09
APP10514,Levi's Socks,20.28,38.22,"[34.63, 35.58, 40.29]",15,1000,"[12, 11, 9, 5, 9, 2]",-1.99
APP10515,Reebok Cap,75.84,145.97,"[139.6, 140.77, 148.9]",30,200,"[19, 14, 4, 9, 10, 13]",-0.87
APP10516,Nike T-Shirt,12.5,20.28,"[18.5, 21.26, 22.75]",25,1000,"[11, 16, 15, 19, 22, 20]",-2.04
APP10517,Reebok Jeans,70.65,86.66,"[76.74, 90.45, 97.39]",15,100,"[7, 12, 3, 19, 15, 13]",-1.68
APP10518,GAP Track Pants,30.29,36.7,"[35.32, 35.62, 37.52]",35,50,"[16, 16, 22, 26, 32, 24]",-1.73
APP10519,H&M Cap,55.31,68.35,"[59.21, 67.47, 69.37]",35,1000,"[15, 19, 9, 13, 12, 16]",-1.49
APP10520,Uniqlo T-Shirt,66.11,102.68,"[102.39, 109.03, 113.42]",30,200,"[11, 12, 24, 16, 19, 27]",-2.41
APP10521,GAP Jacket,31.67,45.41,"[39.79, 49.57, 49.65]",25,500,"[12, 15, 12, 16, 14, 11]",-1.2
APP10522,GAP Cap,59.85,80.36,"[70.22, 74.59, 90.98]",35,1000,"[22, 27, 27, 28, 17, 30]",-1.97
APP10523,Puma T-Shirt,18.53,29.79,"[28.53, 29.57, 30.55]",30,100,"[9, 16, 17, 19, 9, 12]",-2.34
APP10524,Adidas Shorts,58.53,106.98,"[117.46, 119.17, 120.26]",15,5000,"[12, 14, 26, 12, 15, 13]",-0.71
APP10525,Uniqlo Sneakers,78.79,134.7,"[121.03, 135.36, 151.1]",15,50,"[28, 29, 33, 26, 35, 32]",-1.61
APP10526,Under Armour Cap,31.68,50.25,"[47.2, 47.58, 55.36]",30,500,"[15, 14, 18, 23, 13, 15]",-1.98
APP10527,Uniqlo Socks,30.47,53.76,"[50.59, 51.27, 57.56]",35,5000,"[19, 32, 24, 32, 28, 28]",-0.82
APP10528,Puma Shorts,41.37,70.72,"[64.81, 74.48, 76.5]",25,200,"[30, 26, 32, 26, 25, 32]",-2.04
APP10529,Reebok Sweater,38.43,71.52,"[65.68, 72.04, 78.09]",30,100,"[28, 20, 19, 26, 22, 28]",-2.39
APP10530,Levi's Track Pants,41.99,82.04,"[72.25, 88.05, 91.59]",15,1000,"[16, 6, 3, 7, 9, 8]",-1.2
APP10531,Levi's Jeans,64.17,95.4,"[86.33, 90.47, 99.49]",25,1000,"[8, 7, 6, 0, 0, 17]",-1.67
APP10532,Adidas Socks,61.29,107.18,"[99.14, 110.7, 117.9]",30,200,"[25, 16, 21, 20, 26, 7]",-1.67
APP10533,Reebok Hoodie,69.53,96.21,"[88.43, 88.7, 92.53]",35,200,"[17, 14, 22, 13, 14, 13]",-0.89
APP10534,Puma Shorts,63.41,95.68,"[107.47, 108.72, 108.95]",15,200,"[12, 11, 0, 8, 1, 5]",-1.04
APP10535,GAP Sneakers,26.95,36.04,"[33.77, 36.36, 37.43]",25,50,"[13, 13, 12, 11, 26, 17]",-1.38
APP10536,Reebok Sweater,43.27,79.29,"[70.57, 74.78, 82.04]",20,500,"[13, 18, 12, 14, 22, 16]",-2.27
APP10537,GAP Jeans,31.38,57.27,"[52.83, 54.97, 60.23]",25,50,"[21, 17, 25, 20, 21, 17]",-1.36
APP10538,Uniqlo Sweater,43.61,69.48,"[60.96, 74.11, 78.6]",25,50,"[30, 29, 20, 20, 26, 24]",-0.54
APP10539,Puma Socks,23.86,31.19,"[27.04, 29.27, 34.64]",15,50,"[18, 25, 19, 19, 22, 26]",-2.04
APP10540,H&M Socks,34.55,62.4,"[63.65, 63.94, 65.94]",25,500,"[14, 5, 10, 7, 12, 7]",-0.88
APP10541,Nike Shorts,78.67,152.72,"[146.63, 163.33, 170.96]",25,50,"[18, 18, 26, 24, 22, 26]",-1.4
APP10542,Puma Jacket,35.17,45.74,"[41.66, 46.08, 46.97]",25,200,"[26, 28, 21, 28, 34, 23]",-1.04
APP10543,Zara Jacket,41.73,72.92,"[62.87, 69.86, 76.59]",20,100,"[32, 26, 33, 29, 21, 34]",-1.28
APP10544,Puma Sneakers,58.72,86.55,"[75.38, 76.37, 88.86]",15,200,"[21, 15, 18, 17, 22, 22]",-2.24
APP10545,Reebok Jeans,73.23,127.26,"[124.85, 125.24, 142.44]",35,1000,"[30, 25, 29, 33, 27, 28]",-0.84
APP10546,Uniqlo Socks,65.18,91.72,"[79.07, 83.87, 97.46]",15,100,"[12, 16, 10, 13, 8, 5]",-1.41
APP10547,Levi's Track Pants,59.82,81.88,"[83.32, 86.12, 86.9]",20,3000,"[22, 26, 18, 25, 19, 26]",-0.62
APP10548,GAP Sweater,44.05,69.16,"[70.29, 75.07, 75.83]",20,50,"[29, 27, 27, 33, 30, 29]",-1.8
APP10549,Puma Sneakers,72.45,114.21,"[115.16, 125.97, 131.33]",35,100,"[25, 6, 19, 27, 22, 26]",-2.27
APP10550,Puma Cap,20.94,32.45,"[31.45, 33.24, 34.82]",15,100,"[14, 6, 12, 10, 18, 6]",-2.37
APP10551,H&M Shorts,68.08,112.33,"[105.3, 118.09, 119.17]",20,200,"[15, 19, 21, 22, 12, 28]",-0.78
APP10552,Zara Track Pants,76.98,123.11,"[124.53, 126.19, 139.05]",25,200,"[23, 29, 14, 25, 23, 27]",-2.17
APP10553,Zara Jacket,62.21,93.48,"[92.73, 97.14, 104.92]",35,200,"[12, 3, 0, 8, 6, 3]",-1.04
APP10554,Under Armour Hoodie,56.85,71.49,"[61.9, 72.41, 76.79]",30,100,"[19, 25, 19, 21, 17, 13]",-1.62
APP10555,Under Armour Shorts,76.15,100.01,"[96.47, 104.3, 113.72]",35,100,"[32, 30, 37, 29, 31, 20]",-0.57
APP10556,Zara Cap,16.69,20.33,"[17.6, 17.62, 22.82]",25,500,"[32, 32, 26, 26, 26, 27]",-0.97
APP10557,H&M Socks,16.4,26.42,"[23.89, 24.29, 28.88]",35,50,"[8, 6, 7, 11, 22, 17]",-0.65
APP10558,H&M Sneakers,56.56,99.13,"[87.72, 94.97, 107.66]",20,5000,"[23, 16, 25, 26, 16, 17]",-0.59
APP10559,GAP Sneakers,74.63,116.86,"[114.21, 115.19, 129.0]",25,50,"[10, 6, 11, 19, 17, 3]",-0.56
APP10560,Nike Cap,16.64,25.16,"[22.53, 24.46, 25.74]",25,50,"[18, 23, 19, 22, 23, 20]",-1.18
APP10561,Uniqlo Jeans,37.86,60.99,"[58.68, 58.94, 66.53]",35,50,"[19, 20, 19, 19, 13, 15]",-1.99
APP10562,Adidas Hoodie,56.49,86.74,"[91.52, 94.34, 98.85]",15,100,"[17, 24, 18, 18, 20, 21]",-0.78
APP10563,Puma Hoodie,14.89,25.94,"[22.53, 23.39, 24.73]",30,100,"[20, 22, 24, 21, 23, 30]",-1.88
APP10564,Uniqlo Sneakers,20.15,36.06,"[30.74, 37.16, 37.74]",30,3000,"[6, 0, 1, 14, 8, 7]",-2.19
APP10565,Adidas Jacket,41.61,63.51,"[58.74, 66.18, 67.08]",30,1000,"[15, 10, 23, 19, 20, 19]",-0.98
APP10566,Levi's T-Shirt,45.8,78.56,"[69.19, 80.5, 86.68]",30,5000,"[22, 21, 25, 20, 26, 17]",-1.15
APP10567,Nike Sweater,25.5,31.31,"[29.33, 30.46, 34.21]",35,1000,"[19, 14, 8, 7, 20, 3]",-1.39
APP10568,Levi's Jacket,44.75,64.65,"[62.86, 66.37, 72.94]",30,500,"[9, 14, 7, 21, 24, 5]",-2.09
APP10569,Adidas Shorts,20.9,39.8,"[34.26, 38.75, 39.01]",20,200,"[14, 7, 12, 5, 10, 12]",-2.16
APP10570,Nike Shorts,44.98,75.35,"[67.4, 73.06, 84.49]",15,5000,"[16, 10, 19, 7, 13, 14]",-2.05
APP10571,Levi's Sneakers,23.16,35.72,"[30.49, 33.19, 37.42]",20,200,"[19, 21, 21, 25, 11, 19]",-1.24
APP10572,Nike Hoodie,64.91,111.55,"[119.86, 123.72, 125.14]",30,500,"[19, 18, 19, 9, 19, 15]",-0.81
APP10573,Puma Cap,46.78,82.01,"[77.42, 81.9, 91.44]",30,1000,"[20, 15, 13, 23, 13, 11]",-1.93
APP10574,GAP T-Shirt,22.33,40.07,"[37.09, 38.7, 39.52]",15,5000,"[14, 13, 0, 0, 6, 3]",-1.49
APP10575,Nike Hoodie,20.47,26.26,"[23.12, 23.29, 27.12]",20,50,"[28, 28, 20, 24, 33, 23]",-1.66
APP10576,Puma Socks,61.57,79.48,"[73.49, 73.6, 86.78]",35,200,"[24, 26, 20, 24, 21, 21]",-1.39
APP10577,Uniqlo Sweater,38.8,75.98,"[67.46, 69.84, 86.78]",15,1000,"[21, 14, 12, 14, 8, 6]",-2.47
APP10578,Reebok Jacket,18.19,24.52,"[21.68, 23.35, 27.94]",25,200,"[6, 24, 26, 21, 14, 24]",-2.21
APP10579,Adidas T-Shirt,48.65,87.68,"[80.28, 81.95, 88.26]",20,50,"[18, 14, 18, 24, 26, 24]",-1.33
APP10580,H&M Track Pants,35.01,58.17,"[50.91, 55.42, 66.77]",30,50,"[9, 14, 3, 6, 18, 12]",-1.33
APP10581,Adidas Jeans,14.31,24.68,"[21.04, 25.91, 26.75]",30,100,"[20, 17, 17, 15, 15, 19]",-0.75
APP10582,GAP Socks,11.33,20.23,"[19.86, 21.18, 22.86]",15,50,"[7, 26, 9, 9, 18, 3]",-2.29
APP10583,Uniqlo Track Pants,41.8,58.14,"[63.09, 63.79, 63.99]",20,500,"[32, 16, 19, 31, 24, 22]",-1.75
APP10584,Puma Hoodie,25.0,41.7,"[35.87, 39.44, 40.99]",30,1000,"[32, 33, 25, 27, 31, 26]",-0.54
APP10585,Nike Track Pants,44.57,53.83,"[48.02, 50.96, 55.1]",25,50,"[23, 25, 29, 17, 28, 30]",-2.28
APP10586,Under Armour Track Pants,20.34,31.37,"[26.93, 28.51, 34.24]",30,50,"[27, 21, 31, 13, 19, 21]",-1.27
APP10587,Puma Jeans,67.96,90.11,"[81.03, 92.64, 92.66]",35,50,"[9, 13, 17, 11, 23, 21]",-2.32
APP10588,Levi's Jeans,72.55,109.65,"[103.51, 106.03, 108.41]",35,1000,"[23, 30, 28, 24, 26, 27]",-1.94
APP10589,Uniqlo Socks,37.9,50.64,"[54.62, 54.79, 56.34]",35,50,"[27, 31, 24, 29, 13, 31]",-2.48
APP10590,Uniqlo T-Shirt,48.98,84.7,"[86.51, 87.04, 90.7]",30,50,"[25, 29, 14, 18, 23, 17]",-1.21
APP10591,Zara T-Shirt,58.12,87.07,"[80.86, 93.85, 94.22]",30,200,"[12, 23, 9, 18, 14, 11]",-1.55
APP10592,Levi's Hoodie,30.72,49.52,"[43.7, 44.55, 56.62]",15,3000,"[13, 11, 15, 21, 4, 8]",-2.26
APP10593,Levi's Jeans,63.25,122.83,"[121.29, 128.71, 138.1]",25,50,"[10, 9, 13, 9, 1, 10]",-1.46
APP10594,Under Armour Jeans,36.74,60.67,"[53.65, 59.32, 69.72]",35,100,"[25, 26, 14, 28, 34, 29]",-1.23
APP10595,Levi's Sneakers,78.93,103.45,"[100.88, 101.12, 101.27]",15,500,"[32, 17, 26, 29, 26, 32]",-2.42
APP10596,Levi's Socks,32.05,53.22,"[48.88, 58.95, 60.41]",25,100,"[30, 27, 29, 30, 24, 29]",-0.85
APP10597,Puma Cap,29.33,57.03,"[53.03, 54.71, 63.15]",30,200,"[4, 16, 19, 18, 18, 19]",-2.09
APP10598,Puma Sneakers,33.66,53.04,"[50.32, 50.35, 57.1]",15,50,"[18, 19, 17, 15, 21, 18]",-2.26
APP10599,Zara T-Shirt,41.58,80.2,"[80.67, 86.73, 87.76]",25,200,"[6, 6, 9, 7, 6, 13]",-1.51
APP10600,Under Armour T-Shirt,28.59,50.42,"[43.49, 46.47, 55.0]",20,500,"[28, 28, 28, 32, 31, 29]",-1.71
APP10601,Nike Shorts,77.32,118.5,"[122.09, 125.96, 134.52]",25,100,"[14, 14, 11, 2, 9, 16]",-0.91
APP10602,Uniqlo Sweater,35.19,68.66,"[59.01, 69.36, 70.64]",35,50,"[2, 5, 2, 2, 20, 20]",-1.51
APP10603,Zara Hoodie,19.44,31.04,"[27.56, 27.96, 35.07]",15,500,"[22, 14, 16, 18, 13, 21]",-1.43
APP10604,Under Armour Hoodie,34.4,44.91,"[38.58, 41.76, 44.08]",25,1000,"[17, 18, 24, 18, 21, 21]",-1.64
APP10605,Nike Shorts,38.55,49.77,"[52.4, 52.79, 53.07]",25,500,"[9, 15, 14, 9, 2, 9]",-0.84
APP10606,Adidas Shorts,47.64,63.0,"[61.36, 63.11, 70.12]",30,50,"[31, 28, 28, 24, 33, 31]",-1.33
APP10607,H&M Cap,73.62,143.82,"[123.26, 125.02, 139.61]",30,100,"[21, 27, 30, 34, 17, 31]",-1.92
APP10608,Levi's Sneakers,67.59,105.52,"[103.89, 105.57, 106.18]",30,100,"[24, 29, 29, 32, 26, 35]",-2.46
APP10609,Zara Shorts,17.04,27.21,"[25.86, 28.76, 28.81]",35,500,"[25, 24, 20, 25, 27, 18]",-0.83
APP10610,Reebok Jeans,38.13,67.63,"[61.87, 73.86, 75.27]",30,1000,"[12, 8, 10, 5, 19, 10]",-1.23
APP10611,Adidas Sweater,66.75,82.49,"[73.73, 77.05, 77.45]",35,100,"[22, 13, 19, 9, 6, 8]",-1.42
APP10612,Puma Socks,11.66,14.74,"[14.38, 15.72, 16.7]",25,50,"[16, 19, 11, 25, 20, 16]",-0.56
APP10613,Levi's Jeans,42.71,70.85,"[69.68, 73.61, 74.43]",15,50,"[7, 0, 7, 13, 5, 9]",-2.0
APP10614,Levi's Hoodie,61.22,81.53,"[75.78, 77.86, 77.89]",25,500,"[30, 33, 36, 29, 29, 31]",-2.0
APP10615,Zara Track Pants,53.14,84.98,"[74.13, 84.02, 97.45]",30,5000,"[20, 18, 25, 27, 22, 30]",-1.07
APP10616,Puma Cap,37.05,50.72,"[47.84, 52.74, 57.96]",25,200,"[11, 9, 0, 6, 11, 1]",-0.74
APP10617,Zara T-Shirt,32.73,49.65,"[45.6, 48.26, 50.56]",25,1000,"[27, 27, 26, 24, 26, 34]",-0.84
APP10618,GAP Sweater,39.35,53.33,"[49.89, 53.41, 53.83]",25,1000,"[21, 16, 18, 9, 18, 13]",-1.9
APP10619,Nike Jeans,10.83,15.6,"[15.02, 15.76, 15.97]",30,1000,"[14, 17, 10, 11, 20, 14]",-2.31
APP10620,Levi's Socks,54.36,77.69,"[69.04, 78.61, 83.85]",20,200,"[18, 28, 15, 25, 22, 18]",-2.04
APP10621,Nike Sneakers,47.44,64.47,"[57.84, 64.63, 67.78]",35,1000,"[17, 13, 20, 17, 14, 13]",-2.48
APP10622,Zara T-Shirt,24.91,42.17,"[36.23, 40.59, 48.3]",20,5000,"[24, 30, 27, 27, 27, 21]",-1.92
APP10623,Adidas Jacket,30.82,44.29,"[37.66, 40.7, 47.29]",25,500,"[25, 15, 18, 18, 13, 18]",-2.2
APP10624,Levi's Sweater,65.49,125.09,"[116.95, 119.65, 122.76]",35,50,"[18, 13, 8, 20, 14, 22]",-0.87
APP10625,Nike Track Pants,76.82,149.08,"[142.82, 149.62, 167.38]",20,200,"[16, 4, 7, 20, 11, 9]",-1.12
APP10626,Zara Shorts,56.97,75.67,"[64.5, 66.73, 81.41]",25,50,"[18, 7, 18, 17, 20, 13]",-1.57
APP10627,Zara Jeans,44.67,68.89,"[62.99, 69.23, 78.31]",35,500,"[20, 21, 17, 20, 24, 18]",-2.06
APP10628,Puma Socks,27.01,46.29,"[42.37, 42.88, 43.18]",25,200,"[19, 21, 19, 16, 24, 17]",-1.66
APP10629,H&M Shorts,40.86,69.76,"[60.0, 71.71, 75.5]",25,50,"[9, 1, 8, 10, 14, 11]",-2.27
APP10630,Under Armour Jeans,76.24,136.22,"[141.84, 142.16, 149.57]",15,50,"[17, 22, 15, 23, 7, 9]",-1.26
APP10631,Puma Cap,72.37,115.57,"[101.78, 112.18, 126.83]",35,50,"[9, 11, 20, 20, 17, 8]",-2.21
APP10632,H&M Socks,19.38,37.89,"[34.26, 36.83, 41.35]",15,100,"[9, 21, 15, 8, 9, 14]",-0.67
APP10633,Reebok Hoodie,14.51,18.05,"[16.36, 18.16, 20.27]",30,1000,"[26, 25, 29, 28, 19, 26]",-1.03
APP10634,Under Armour Track Pants,58.98,82.4,"[72.62, 92.37, 94.33]",25,1000,"[2, 8, 14, 10, 15, 0]",-0.89
APP10635,Zara Jacket,39.9,55.33,"[61.03, 62.91, 63.54]",15,500,"[0, 10, 6, 5, 6, 4]",-1.5
APP10636,Puma Jeans,32.52,42.46,"[40.89, 44.65, 46.06]",30,200,"[12, 2, 14, 11, 20, 10]",-0.66
APP10637,Puma Cap,36.14,69.45,"[64.67, 78.15, 78.42]",15,200,"[13, 4, 12, 11, 17, 6]",-1.72
APP10638,Levi's Shorts,21.19,32.18,"[28.02, 32.95, 36.51]",15,200,"[27, 18, 11, 17, 20, 21]",-1.18
APP10639,Uniqlo Socks,32.34,58.66,"[53.5, 59.06, 65.7]",25,50,"[7, 8, 8, 1, 3, 10]",-2.15
APP10640,Reebok Sneakers,10.18,15.89,"[14.4, 15.19, 16.15]",20,1000,"[5, 9, 9, 10, 9, 10]",-1.24
APP10641,Levi's Socks,65.51,85.56,"[79.42, 86.04, 92.72]",20,50,"[38, 35, 28, 23, 31, 26]",-1.87
APP10642,Adidas Jacket,68.71,106.01,"[106.33, 109.89, 113.22]",20,100,"[6, 1, 18, 12, 6, 18]",-1.16
APP10643,Under Armour Cap,54.97,106.91,"[101.83, 111.64, 117.86]",15,1000,"[4, 3, 8, 1, 6, 8]",-1.23
APP10644,Levi's Socks,63.26,125.81,"[113.75, 119.73, 135.85]",35,50,"[28, 35, 28, 28, 36, 21]",-1.77
APP10645,Levi's Cap,37.49,65.85,"[66.69, 71.15, 74.5]",35,50,"[10, 12, 12, 4, 25, 14]",-0.65
APP10646,Puma Track Pants,55.17,84.51,"[76.9, 91.73, 95.42]",15,50,"[15, 10, 13, 14, 17, 18]",-1.98
APP10647,Adidas Hoodie,56.3,69.0,"[60.37, 64.72, 76.82]",30,1000,"[19, 26, 35, 22, 33, 34]",-2.1
APP10648,Zara Socks,44.58,81.73,"[81.13, 82.63, 88.38]",30,500,"[32, 24, 31, 28, 26, 33]",-2.26
APP10649,H&M Track Pants,79.75,145.93,"[141.93, 153.84, 160.09]",15,1000,"[24, 30, 25, 38, 25, 25]",-2.39
APP10650,Puma Shorts,50.18,94.86,"[82.87, 94.33, 96.58]",15,100,"[2, 4, 19, 13, 4, 15]",-2.43
APP10651,Zara Cap,30.17,54.75,"[49.91, 56.06, 58.24]",35,50,"[4, 17, 20, 21, 23, 18]",-1.37
APP10652,Levi's Sneakers,77.51,106.48,"[99.42, 102.33, 113.32]",35,50,"[25, 16, 24, 24, 21, 18]",-1.14
APP10653,GAP Sneakers,68.16,84.06,"[72.03, 75.2, 80.86]",20,200,"[30, 29, 30, 32, 20, 34]",-2.46
APP10654,H&M Socks,18.93,34.14,"[30.55, 31.72, 33.85]",15,3000,"[11, 17, 20, 23, 22, 30]",-2.32
APP10655,Adidas Socks,41.15,82.28,"[90.26, 90.55, 91.99]",20,50,"[22, 18, 25, 23, 16, 26]",-1.99
APP10656,Reebok Sneakers,33.16,46.95,"[46.11, 47.11, 47.13]",20,500,"[24, 17, 10, 17, 23, 22]",-0.92
APP10657,Levi's Jacket,78.44,143.49,"[121.97, 155.11, 158.88]",25,100,"[23, 26, 23, 26, 19, 24]",-1.53
APP10658,Uniqlo Hoodie,68.11,133.53,"[127.68, 137.67, 138.91]",15,100,"[11, 13, 11, 4, 6, 16]",-2.34
APP10659,Reebok Jacket,50.84,99.56,"[99.11, 109.57, 111.69]",35,50,"[29, 31, 27, 23, 25, 27]",-1.29
APP10660,Reebok Sneakers,43.36,82.06,"[70.54, 85.6, 88.53]",25,1000,"[18, 23, 13, 15, 9, 24]",-1.38
APP10661,GAP Socks,40.05,79.01,"[81.48, 84.92, 89.35]",15,200,"[24, 29, 33, 32, 21, 33]",-0.71
APP10662,Uniqlo Sneakers,30.41,50.18,"[44.15, 44.77, 56.53]",35,100,"[7, 12, 11, 12, 15, 13]",-0.73
APP10663,GAP Sneakers,58.97,92.74,"[82.64, 88.32, 93.07]",20,50,"[17, 27, 19, 28, 28, 22]",-1.14
APP10664,GAP Track Pants,62.65,100.42,"[109.68, 112.29, 113.57]",25,500,"[14, 17, 29, 19, 11, 20]",-0.68
APP10665,GAP T-Shirt,11.48,16.97,"[16.54, 18.08, 18.33]",15,50,"[28, 19, 18, 18, 19, 16]",-0.81
APP10666,Adidas T-Shirt,67.95,102.35,"[94.4, 105.09, 109.13]",35,50,"[23, 36, 18, 22, 14, 23]",-1.42
APP10667,Reebok Jacket,57.26,97.72,"[91.41, 96.62, 99.36]",35,50,"[30, 25, 30, 28, 30, 31]",-2.35
APP10668,H&M Track Pants,67.48,107.59,"[110.84, 113.46, 118.78]",15,5000,"[25, 39, 29, 24, 36, 38]",-2.44
APP10669,Zara Socks,42.85,83.12,"[80.57, 86.24, 90.1]",25,1000,"[27, 33, 27, 30, 28, 28]",-0.91
APP10670,Reebok Cap,39.19,54.21,"[49.85, 59.64, 60.74]",20,200,"[10, 17, 9, 11, 7, 19]",-1.61
APP10671,H&M Hoodie,71.16,111.68,"[95.64, 102.55, 110.86]",30,200,"[32, 18, 27, 28, 12, 20]",-1.75
APP10672,Adidas T-Shirt,54.8,87.45,"[78.81, 96.61, 97.28]",20,50,"[22, 20, 20, 23, 30, 21]",-0.53
APP10673,Zara Sweater,56.7,79.15,"[72.31, 81.48, 84.29]",30,1000,"[18, 18, 18, 22, 20, 19]",-0.55
APP10674,Zara Jacket,33.18,42.97,"[43.88, 46.63, 48.21]",25,500,"[11, 5, 4, 5, 11, 8]",-0.76
APP10675,GAP Sneakers,54.17,85.5,"[83.34, 88.25, 89.91]",25,100,"[29, 23, 32, 25, 32, 27]",-1.83
APP10676,Levi's Shorts,68.2,96.82,"[88.51, 96.11, 98.16]",30,100,"[5, 10, 8, 11, 12, 9]",-0.91
APP10677,Puma Shorts,74.57,129.23,"[116.99, 118.98, 144.53]",35,100,"[26, 26, 23, 21, 10, 18]",-1.88
APP10678,Uniqlo Jeans,41.59,62.69,"[54.95, 61.42, 71.7]",25,3000,"[24, 22, 25, 30, 24, 24]",-1.0
APP10679,Under Armour Cap,56.7,113.01,"[101.62, 120.24, 128.45]",15,500,"[26, 27, 32, 22, 29, 27]",-0.75
APP10680,Reebok Cap,35.13,43.43,"[47.61, 47.93, 48.79]",20,50,"[11, 8, 2, 7, 13, 10]",-1.65
APP10681,Puma Jeans,48.83,61.73,"[60.3, 67.1, 67.3]",15,100,"[18, 13, 20, 13, 21, 23]",-1.34
APP10682,Reebok Sweater,16.23,28.49,"[25.64, 26.35, 30.94]",35,200,"[21, 17, 30, 24, 40, 20]",-2.1
APP10683,H&M Jacket,29.93,54.24,"[51.27, 53.76, 56.24]",20,500,"[13, 9, 10, 17, 20, 19]",-1.77
APP10684,Levi's Track Pants,73.31,117.49,"[116.25, 117.26, 135.03]",25,50,"[10, 11, 11, 12, 11, 6]",-0.71
APP10685,Under Armour Sneakers,23.59,30.77,"[34.17, 34.4, 35.16]",30,1000,"[13, 19, 9, 5, 22, 8]",-1.93
APP10686,Uniqlo Cap,77.85,131.33,"[127.21, 127.37, 137.04]",30,1000,"[26, 31, 22, 23, 16, 30]",-2.19
APP10687,Reebok Cap,54.99,89.58,"[83.53, 89.04, 96.18]",15,100,"[16, 7, 9, 15, 13, 9]",-0.5
APP10688,Adidas Sweater,56.92,113.38,"[109.59, 118.82, 121.32]",35,200,"[14, 3, 10, 10, 5, 15]",-1.15
APP10689,Zara Jacket,43.32,86.42,"[92.35, 95.1, 98.15]",20,3000,"[6, 13, 14, 14, 17, 30]",-1.45
APP10690,GAP Shorts,78.18,150.82,"[135.51, 144.89, 147.38]",15,100,"[11, 8, 16, 12, 6, 14]",-1.58
APP10691,Nike Hoodie,73.72,107.73,"[107.69, 115.32, 122.55]",30,500,"[8, 14, 4, 16, 9, 10]",-1.28
APP10692,GAP Cap,21.66,35.15,"[30.25, 33.02, 36.1]",25,50,"[23, 20, 26, 24, 21, 23]",-1.99
APP10693,Uniqlo T-Shirt,66.56,88.77,"[84.25, 94.06, 96.23]",15,100,"[21, 14, 14, 22, 16, 14]",-1.64
APP10694,H&M Sneakers,38.89,70.45,"[61.38, 72.19, 78.74]",25,50,"[30, 26, 17, 21, 22, 30]",-2.49
APP10695,Levi's Sweater,77.17,129.16,"[112.36, 141.54, 141.76]",25,50,"[13, 17, 9, 11, 3, 7]",-1.35
APP10696,Nike Sweater,50.84,91.51,"[80.66, 91.78, 101.35]",15,100,"[22, 21, 22, 22, 21, 27]",-0.64
APP10697,GAP Socks,51.32,87.45,"[82.12, 83.63, 96.51]",20,3000,"[28, 15, 16, 21, 16, 13]",-0.71
APP10698,Levi's Socks,10.69,18.63,"[16.74, 17.63, 18.5]",25,100,"[20, 17, 13, 27, 22, 17]",-1.1
APP10699,Adidas Sweater,48.34,81.58,"[71.57, 74.08, 80.94]",35,100,"[5, 8, 7, 0, 6, 7]",-0.76
APP10700,Zara Socks,47.56,85.68,"[76.43, 81.78, 82.84]",25,200,"[28, 31, 27, 28, 21, 24]",-1.07
APP10701,GAP Track Pants,13.89,22.1,"[21.47, 22.62, 22.88]",15,100,"[7, 6, 13, 5, 2, 10]",-1.36
APP10702,Puma Jeans,72.6,114.72,"[100.06, 104.89, 130.04]",30,1000,"[24, 23, 15, 17, 26, 22]",-1.51
APP10703,Levi's Shorts,52.0,69.92,"[65.19, 70.78, 74.76]",35,1000,"[14, 22, 11, 22, 8, 17]",-2.36
APP10704,Levi's Sneakers,38.94,61.11,"[53.29, 56.64, 65.28]",20,100,"[14, 13, 6, 14, 11, 3]",-0.59
APP10705,GAP Socks,27.31,48.76,"[45.8, 47.87, 48.12]",30,50,"[25, 20, 22, 22, 27, 20]",-1.85
APP10706,Uniqlo T-Shirt,60.95,77.72,"[73.45, 81.44, 83.54]",15,50,"[25, 26, 24, 32, 34, 29]",-1.11
APP10707,Nike Sneakers,37.62,56.35,"[50.89, 55.6, 58.62]",25,100,"[4, 10, 11, 10, 16, 9]",-2.21
APP10708,Zara Socks,44.45,67.35,"[58.15, 69.6, 72.44]",30,50,"[16, 13, 12, 17, 12, 11]",-1.29
APP10709,Puma Track Pants,49.04,84.4,"[75.64, 76.36, 88.11]",35,1000,"[21, 29, 28, 19, 32, 25]",-2.5
APP10710,Puma Shorts,72.21,102.25,"[91.95, 107.4, 111.65]",35,200,"[18, 20, 19, 20, 16, 19]",-2.06
APP10711,Levi's Sneakers,10.62,18.83,"[17.92, 17.95, 20.45]",30,1000,"[10, 17, 10, 19, 10, 23]",-1.45
APP10712,GAP Hoodie,76.3,127.89,"[111.16, 115.08, 133.95]",35,100,"[15, 12, 5, 8, 9, 11]",-1.35
APP10713,Levi's Socks,72.28,127.23,"[115.84, 124.55, 127.0]",35,50,"[8, 18, 3, 6, 8, 10]",-0.91
APP10714,Uniqlo Cap,13.06,21.6,"[18.61, 20.94, 23.36]",35,200,"[18, 20, 22, 26, 21, 18]",-1.75
APP10715,Reebok Cap,53.81,98.73,"[92.23, 100.41, 104.91]",15,50,"[9, 25, 14, 19, 16, 28]",-0.87
APP10716,Levi's Shorts,23.74,32.38,"[32.11, 33.8, 35.74]",15,500,"[17, 25, 20, 26, 29, 11]",-1.69
APP10717,H&M Track Pants,24.74,41.42,"[38.12, 43.22, 44.6]",25,500,"[23, 10, 15, 16, 17, 8]",-1.32
APP10718,Nike Track Pants,65.29,112.62,"[109.64, 111.74, 116.29]",30,200,"[8, 8, 15, 8, 4, 5]",-1.26
APP10719,Reebok Track Pants,47.49,59.28,"[51.84, 58.66, 61.82]",35,5000,"[22, 21, 18, 22, 19, 18]",-2.44
APP10720,Under Armour T-Shirt,30.77,51.32,"[44.49, 50.1, 58.54]",35,200,"[27, 25, 15, 15, 26, 15]",-2.38
APP10721,Zara Sneakers,75.04,103.41,"[93.22, 111.83, 118.91]",35,100,"[37, 26, 34, 29, 30, 20]",-1.53
APP10722,GAP Sweater,34.77,66.52,"[59.53, 59.85, 68.05]",20,500,"[13, 9, 9, 13, 19, 9]",-1.99
APP10723,Under Armour T-Shirt,63.11,104.06,"[97.82, 100.95, 109.99]",35,3000,"[32, 26, 30, 27, 30, 24]",-0.83
APP10724,Adidas Jacket,62.86,113.3,"[113.91, 116.29, 126.58]",15,3000,"[13, 25, 25, 22, 16, 27]",-1.47
APP10725,Zara Shorts,57.3,112.78,"[104.45, 125.47, 127.13]",30,500,"[14, 13, 14, 12, 10, 14]",-1.09
APP10726,Puma Sweater,44.25,59.86,"[51.16, 52.42, 58.39]",20,50,"[11, 21, 26, 21, 19, 20]",-1.76
APP10727,H&M Socks,59.91,73.82,"[66.44, 71.3, 71.75]",35,50,"[0, 15, 0, 3, 1, 4]",-2.0
APP10728,Zara T-Shirt,29.04,51.59,"[44.6, 47.28, 53.93]",20,50,"[42, 31, 29, 26, 25, 27]",-1.9
APP10729,Uniqlo Jacket,47.18,72.02,"[64.05, 67.13, 78.92]",35,5000,"[18, 3, 12, 7, 24, 17]",-2.29
APP10730,Levi's Cap,63.83,111.76,"[110.77, 119.62, 119.86]",35,100,"[24, 14, 21, 22, 20, 21]",-1.78
APP10731,H&M Shorts,61.39,78.78,"[73.87, 79.54, 85.62]",20,500,"[25, 20, 20, 22, 22, 18]",-1.69
APP10732,Zara Socks,75.49,147.95,"[130.85, 142.1, 168.21]",25,500,"[22, 28, 28, 23, 20, 27]",-1.85
APP10733,Uniqlo Shorts,57.52,94.94,"[85.32, 89.53, 106.33]",25,500,"[13, 15, 13, 13, 15, 11]",-2.21
APP10734,GAP Cap,21.2,25.68,"[23.08, 27.85, 28.09]",20,500,"[24, 18, 20, 19, 21, 14]",-1.16
APP10735,Under Armour Hoodie,27.65,40.36,"[38.29, 43.53, 44.41]",35,200,"[21, 14, 21, 21, 22, 21]",-1.39
APP10736,Reebok Jacket,52.02,103.08,"[88.57, 107.48, 110.0]",25,3000,"[16, 30, 20, 22, 29, 25]",-1.13
APP10737,Reebok Jacket,62.11,115.99,"[100.78, 110.83, 120.25]",30,50,"[17, 23, 22, 19, 17, 13]",-1.29
APP10738,Levi's Cap,62.87,120.79,"[110.95, 130.81, 135.85]",25,50,"[18, 24, 23, 20, 18, 12]",-2.3
APP10739,Uniqlo Hoodie,44.55,78.28,"[72.91, 73.51, 86.31]",25,50,"[33, 26, 23, 28, 22, 29]",-1.48
APP10740,Adidas Track Pants,47.04,89.42,"[82.2, 83.5, 88.41]",35,1000,"[18, 26, 23, 23, 17, 17]",-1.31
APP10741,H&M Sweater,77.97,154.88,"[131.7, 158.58, 173.5]",25,200,"[33, 28, 25, 25, 33, 22]",-1.62
APP10742,Puma Hoodie,60.87,116.62,"[106.28, 122.71, 131.76]",15,100,"[22, 22, 14, 22, 19, 24]",-2.41
APP10743,Reebok Jeans,27.12,49.15,"[42.8, 43.95, 52.01]",25,1000,"[10, 12, 6, 14, 12, 16]",-2.05
APP10744,Zara Hoodie,69.72,97.83,"[92.15, 92.22, 107.64]",30,200,"[0, 5, 1, 6, 5, 6]",-2.28
APP10745,Under Armour Jacket,45.62,71.71,"[77.73, 81.28, 81.42]",35,500,"[20, 15, 21, 20, 15, 20]",-0.97
APP10746,Reebok Socks,14.78,27.51,"[25.55, 29.07, 31.01]",25,100,"[16, 22, 29, 24, 31, 22]",-0.9
APP10747,Puma Jeans,44.54,57.56,"[56.49, 59.23, 63.47]",35,500,"[20, 16, 14, 15, 21, 16]",-1.64
APP10748,GAP Jacket,63.09,94.47,"[87.22, 92.19, 100.96]",20,5000,"[24, 23, 22, 25, 20, 25]",-1.95
APP10749,Nike Socks,23.35,44.51,"[42.95, 47.29, 49.43]",20,100,"[22, 18, 14, 5, 14, 14]",-2.48
APP10750,Under Armour T-Shirt,21.89,37.7,"[34.92, 38.97, 40.96]",15,1000,"[6, 0, 12, 6, 6, 18]",-0.72
APP10751,H&M Shorts,69.17,99.44,"[87.49, 108.14, 109.07]",30,500,"[19, 16, 23, 14, 26, 18]",-1.98
APP10752,Adidas Sneakers,75.93,123.32,"[108.53, 118.33, 135.58]",15,500,"[4, 0, 13, 6, 12, 9]",-1.65
APP10753,Uniqlo Sneakers,33.26,63.88,"[56.19, 56.54, 60.03]",30,5000,"[27, 21, 21, 25, 23, 16]",-2.45
APP10754,Zara Cap,37.97,75.51,"[66.46, 71.14, 73.78]",20,3000,"[5, 5, 0, 10, 5, 5]",-2.23
APP10755,Reebok Shorts,58.05,79.52,"[68.99, 72.73, 88.05]",25,5000,"[12, 20, 19, 19, 20, 26]",-2.27
APP10756,Nike Jeans,39.25,55.36,"[48.24, 56.06, 61.82]",35,500,"[17, 14, 18, 19, 13, 10]",-0.57
APP10757,Under Armour Socks,44.28,57.09,"[56.38, 60.46, 65.61]",15,100,"[21, 9, 17, 15, 18, 19]",-1.3
APP10758,Puma Sweater,69.84,105.13,"[101.21, 109.16, 112.7]",20,50,"[27, 30, 27, 36, 30, 31]",-1.76
APP10759,Nike Sweater,33.57,47.06,"[42.83, 48.14, 53.61]",30,50,"[15, 9, 10, 14, 18, 13]",-0.83
APP10760,Puma Hoodie,18.51,34.21,"[33.43, 33.7, 34.02]",15,200,"[31, 25, 23, 29, 23, 30]",-2.05
APP10761,Nike Hoodie,33.64,53.56,"[50.62, 50.92, 50.95]",35,50,"[31, 18, 26, 26, 26, 32]",-1.05
APP10762,GAP Jeans,35.64,43.82,"[38.93, 49.14, 49.71]",25,200,"[26, 26, 28, 25, 30, 32]",-1.17
APP10763,Reebok Cap,38.99,48.18,"[47.79, 50.76, 52.29]",35,1000,"[18, 12, 8, 16, 14, 8]",-1.98
APP10764,Uniqlo Cap,74.59,97.22,"[84.23, 91.92, 103.15]",20,1000,"[8, 11, 13, 12, 12, 14]",-2.09
APP10765,Uniqlo Cap,77.89,95.03,"[81.84, 89.94, 103.18]",25,3000,"[19, 28, 27, 35, 23, 18]",-0.64
APP10766,Under Armour Jeans,73.75,130.72,"[123.65, 126.06, 145.81]",25,500,"[13, 12, 10, 10, 15, 10]",-0.73
APP10767,Puma Cap,11.69,17.61,"[16.48, 17.75, 18.55]",25,100,"[20, 23, 25, 23, 26, 21]",-0.5
APP10768,Puma T-Shirt,54.07,99.28,"[94.97, 101.49, 107.67]",25,1000,"[24, 25, 17, 22, 23, 19]",-1.77
APP10769,Reebok Track Pants,15.62,29.83,"[27.13, 27.88, 32.05]",20,1000,"[10, 10, 15, 4, 12, 2]",-0.96
APP10770,Puma Track Pants,74.96,105.61,"[100.38, 104.48, 119.14]",30,3000,"[25, 20, 24, 22, 26, 21]",-0.6
APP10771,H&M Socks,79.77,119.67,"[105.94, 123.22, 132.46]",25,500,"[13, 17, 16, 21, 27, 20]",-2.17
APP10772,Adidas Sweater,62.73,113.46,"[97.08, 98.48, 129.59]",15,50,"[11, 13, 2, 14, 16, 15]",-0.89
APP10773,Puma Sneakers,29.21,55.59,"[54.9, 61.15, 62.75]",30,1000,"[19, 22, 19, 20, 26, 21]",-1.03
APP10774,Levi's Jacket,25.09,38.12,"[38.21, 41.67, 42.0]",15,3000,"[9, 13, 14, 14, 10, 23]",-1.18
APP10775,Reebok Sweater,59.47,113.85,"[114.34, 124.05, 129.42]",20,5000,"[3, 5, 11, 6, 1, 11]",-1.38
APP10776,Zara Hoodie,60.04,107.02,"[112.37, 118.9, 118.93]",25,200,"[21, 15, 21, 20, 10, 26]",-0.98
APP10777,Reebok Track Pants,14.75,25.64,"[24.03, 27.8, 29.46]",35,100,"[19, 16, 16, 15, 31, 21]",-2.06
APP10778,Nike Hoodie,62.96,91.14,"[89.4, 95.43, 102.68]",25,1000,"[24, 26, 22, 22, 24, 26]",-0.93
APP10779,Under Armour T-Shirt,42.33,84.63,"[90.72, 93.24, 94.04]",15,500,"[18, 18, 19, 21, 21, 17]",-0.74
APP10780,Zara Hoodie,63.04,104.06,"[92.2, 99.59, 105.06]",20,1000,"[33, 30, 28, 37, 28, 28]",-1.3
APP10781,H&M Socks,64.99,115.77,"[114.19, 122.77, 123.28]",25,200,"[9, 10, 13, 9, 12, 11]",-2.26
APP10782,Adidas Hoodie,69.48,136.65,"[134.27, 142.57, 155.46]",25,200,"[18, 28, 27, 28, 29, 31]",-2.26
APP10783,GAP Jacket,14.55,28.81,"[28.1, 30.38, 30.55]",20,1000,"[12, 19, 16, 12, 18, 19]",-0.73
APP10784,Puma Cap,53.1,69.26,"[59.87, 61.26, 70.65]",20,100,"[9, 9, 10, 8, 13, 5]",-1.37
APP10785,Zara Track Pants,15.42,20.51,"[18.58, 19.82, 22.31]",25,200,"[10, 14, 13, 12, 12, 18]",-1.96
APP10786,H&M Socks,48.44,86.1,"[74.46, 76.58, 98.84]",30,500,"[4, 10, 7, 4, 4, 6]",-2.18
APP10787,Uniqlo Jacket,19.61,32.77,"[33.23, 35.65, 36.68]",20,200,"[32, 24, 27, 25, 35, 21]",-2.18
APP10788,GAP Jeans,70.24,109.44,"[102.05, 108.39, 123.13]",35,50,"[12, 8, 6, 3, 11, 12]",-2.43
APP10789,Zara Socks,57.94,108.36,"[93.12, 105.3, 115.11]",25,5000,"[8, 11, 15, 11, 16, 15]",-2.33
APP10790,Adidas Track Pants,17.46,22.73,"[22.91, 24.72, 25.49]",15,50,"[8, 4, 3, 7, 2, 5]",-0.83
APP10791,Nike Socks,22.22,27.92,"[27.08, 28.56, 30.89]",35,5000,"[25, 15, 15, 14, 10, 19]",-0.58
APP10792,Under Armour Track Pants,12.11,23.81,"[20.59, 21.79, 22.33]",35,1000,"[29, 21, 32, 25, 35, 26]",-2.31
APP10793,Puma Sneakers,37.72,74.93,"[67.29, 69.93, 81.86]",25,100,"[12, 13, 0, 12, 5, 9]",-2.47
APP10794,Uniqlo Cap,50.24,68.83,"[61.09, 62.42, 62.81]",15,50,"[13, 19, 4, 10, 19, 14]",-2.12
APP10795,Under Armour Track Pants,48.35,58.95,"[60.38, 61.17, 63.62]",30,50,"[24, 20, 15, 21, 25, 28]",-0.95
APP10796,Adidas Socks,32.73,58.67,"[55.85, 55.95, 65.05]",30,1000,"[25, 21, 20, 30, 24, 30]",-0.56
APP10797,Nike Cap,76.79,139.65,"[148.33, 156.22, 157.77]",20,100,"[21, 14, 17, 17, 11, 4]",-1.31
APP10798,Uniqlo Sweater,78.18,114.3,"[106.39, 128.81, 131.07]",30,500,"[30, 34, 23, 25, 30, 34]",-2.3
APP10799,GAP T-Shirt,51.12,79.84,"[72.87, 78.72, 86.42]",35,50,"[24, 25, 18, 29, 19, 24]",-1.85
APP10800,Zara Hoodie,46.36,84.66,"[82.2, 86.79, 93.26]",15,3000,"[15, 13, 23, 19, 19, 25]",-1.78
APP10801,H&M Hoodie,35.55,67.67,"[58.32, 71.01, 77.58]",15,500,"[24, 11, 24, 29, 23, 29]",-1.29
APP10802,Under Armour Track Pants,40.62,75.49,"[78.64, 82.75, 85.09]",15,50,"[2, 11, 9, 12, 7, 0]",-0.89
APP10803,Nike Sweater,21.31,30.56,"[28.87, 32.21, 33.24]",25,50,"[25, 29, 19, 22, 25, 37]",-0.52
APP10804,Adidas Socks,78.83,134.64,"[132.33, 134.28, 142.01]",15,50,"[25, 27, 25, 29, 24, 22]",-1.57
APP10805,Adidas Cap,42.66,59.96,"[55.1, 57.36, 66.26]",15,50,"[25, 18, 24, 28, 25, 24]",-0.56
APP10806,Reebok Sweater,56.75,103.45,"[104.54, 112.02, 112.68]",20,200,"[32, 38, 33, 24, 26, 25]",-1.76
APP10807,Puma Sweater,12.76,19.02,"[16.85, 19.65, 21.44]",25,50,"[27, 30, 25, 27, 28, 21]",-1.21
APP10808,H&M Cap,79.0,108.32,"[103.09, 111.5, 117.42]",30,100,"[12, 14, 21, 22, 23, 20]",-1.52
APP10809,H&M Jeans,51.94,66.3,"[63.97, 68.08, 75.14]",35,100,"[9, 12, 12, 10, 12, 6]",-1.27
APP10810,Puma Shorts,57.58,85.27,"[77.99, 80.51, 89.98]",15,200,"[16, 14, 15, 9, 16, 11]",-0.93
APP10811,Puma Socks,17.88,34.5,"[31.34, 35.67, 39.53]",30,1000,"[18, 12, 15, 21, 12, 19]",-0.55
APP10812,Uniqlo Sneakers,34.5,64.75,"[56.34, 71.83, 73.4]",20,500,"[13, 11, 5, 4, 2, 9]",-0.88
APP10813,Nike T-Shirt,64.15,84.44,"[80.32, 83.52, 91.4]",25,500,"[8, 14, 11, 18, 16, 11]",-2.4
APP10814,Zara Socks,37.76,56.49,"[52.84, 60.74, 63.47]",30,50,"[11, 14, 6, 6, 0, 17]",-2.47
APP10815,Uniqlo Sweater,67.68,128.8,"[130.39, 135.83, 146.6]",20,50,"[14, 14, 20, 6, 14, 8]",-2.04
APP10816,Under Armour Cap,62.06,100.69,"[93.71, 98.01, 115.75]",25,50,"[31, 26, 15, 25, 16, 15]",-2.14
APP10817,Puma Hoodie,10.09,18.99,"[19.25, 20.08, 20.21]",20,500,"[9, 4, 13, 11, 20, 4]",-1.97
APP10818,Adidas T-Shirt,55.21,109.8,"[94.95, 111.85, 122.53]",30,100,"[14, 13, 17, 19, 14, 20]",-1.27
APP10819,GAP T-Shirt,20.86,34.66,"[29.9, 33.83, 38.05]",20,200,"[6, 12, 6, 6, 0, 3]",-1.92
APP10820,Under Armour Jeans,22.06,39.92,"[37.48, 43.25, 45.79]",15,100,"[20, 21, 25, 33, 23, 23]",-0.78
APP10821,GAP T-Shirt,57.44,94.02,"[81.54, 91.23, 92.07]",30,200,"[20, 20, 15, 22, 16, 19]",-2.05
APP10822,GAP T-Shirt,65.5,120.75,"[107.5, 110.14, 114.81]",20,50,"[26, 15, 22, 28, 18, 27]",-1.89
APP10823,Nike Sweater,56.73,100.09,"[91.83, 99.14, 113.21]",30,100,"[15, 17, 19, 18, 24, 27]",-0.72
APP10824,Under Armour Socks,33.92,53.31,"[49.67, 59.65, 59.96]",20,1000,"[25, 25, 25, 27, 23, 25]",-1.34
APP10825,Nike Sneakers,56.32,100.08,"[87.43, 87.75, 92.73]",35,200,"[19, 30, 32, 25, 25, 17]",-2.46
APP10826,Reebok Jacket,61.35,94.12,"[83.24, 94.84, 108.0]",35,100,"[19, 21, 15, 18, 11, 17]",-1.14
APP10827,Levi's Track Pants,73.15,110.35,"[95.77, 117.79, 119.59]",35,200,"[21, 28, 9, 18, 12, 18]",-1.76
APP10828,Levi's Jacket,16.91,28.03,"[24.54, 24.63, 25.17]",25,100,"[31, 29, 34, 26, 24, 17]",-1.72
APP10829,Puma Socks,16.28,27.68,"[25.81, 27.46, 27.64]",20,1000,"[20, 30, 16, 18, 33, 26]",-1.6
APP10830,H&M Hoodie,52.26,100.15,"[93.24, 111.15, 111.88]",25,50,"[16, 17, 12, 13, 13, 18]",-0.75
APP10831,Nike Socks,60.47,103.66,"[101.16, 105.69, 110.59]",35,50,"[25, 11, 12, 11, 16, 4]",-1.94
APP10832,Puma Sweater,16.7,22.24,"[20.06, 20.8, 24.53]",35,500,"[21, 9, 8, 5, 11, 11]",-1.11
APP10833,Zara T-Shirt,74.19,112.45,"[101.65, 105.2, 110.93]",25,100,"[0, 7, 14, 4, 7, 12]",-1.43
APP10834,H&M Socks,75.22,96.73,"[86.84, 96.26, 107.24]",25,100,"[6, 2, 6, 4, 2, 11]",-0.97
APP10835,H&M Sweater,62.18,86.84,"[84.17, 92.8, 93.3]",20,100,"[24, 18, 25, 22, 22, 15]",-2.04
APP10836,Reebok Sweater,79.11,130.37,"[115.45, 120.62, 138.02]",20,50,"[4, 12, 16, 16, 14, 10]",-1.59
APP10837,Uniqlo Cap,32.98,43.75,"[39.39, 44.41, 45.87]",20,50,"[17, 21, 22, 26, 21, 19]",-1.03
APP10838,Under Armour Hoodie,18.46,25.42,"[23.27, 24.1, 24.59]",20,200,"[25, 24, 20, 27, 30, 27]",-1.0
APP10839,Zara T-Shirt,56.65,94.39,"[85.51, 94.05, 105.57]",35,100,"[11, 9, 14, 14, 15, 16]",-0.91
APP10840,H&M Sweater,56.97,98.89,"[94.84, 99.31, 103.86]",35,500,"[18, 3, 10, 16, 11, 9]",-1.9
APP10841,Uniqlo Sneakers,35.14,62.34,"[56.33, 60.02, 64.42]",30,200,"[25, 18, 16, 24, 22, 21]",-1.12
APP10842,Under Armour Hoodie,58.65,90.56,"[91.13, 95.75, 103.52]",20,50,"[26, 28, 36, 25, 34, 17]",-2.38
APP10843,Levi's Jeans,58.74,72.97,"[67.21, 79.91, 80.08]",30,100,"[34, 26, 22, 27, 26, 14]",-0.51
APP10844,Levi's Jeans,22.5,44.68,"[40.66, 43.02, 43.53]",35,500,"[21, 15, 16, 19, 15, 18]",-1.75
APP10845,Under Armour T-Shirt,39.23,56.51,"[54.82, 59.17, 63.61]",25,50,"[16, 13, 16, 14, 14, 8]",-1.42
APP10846,H&M Track Pants,44.43,81.84,"[72.67, 78.07, 86.02]",35,100,"[12, 16, 3, 10, 11, 10]",-1.46
APP10847,Nike Jeans,38.05,61.53,"[55.6, 58.58, 66.68]",20,200,"[24, 27, 21, 28, 27, 29]",-1.39
APP10848,GAP Socks,73.51,124.94,"[117.3, 117.55, 125.0]",20,1000,"[14, 19, 18, 16, 20, 19]",-0.93
APP10849,Zara Jacket,56.19,90.7,"[81.65, 87.3, 103.72]",25,50,"[21, 26, 16, 16, 23, 21]",-2.21
APP10850,Reebok T-Shirt,73.6,105.01,"[107.59, 114.17, 117.59]",20,500,"[26, 24, 24, 29, 31, 17]",-2.39
APP10851,Under Armour Jeans,45.45,86.21,"[78.8, 84.31, 97.58]",30,200,"[24, 24, 23, 21, 28, 24]",-0.92
APP10852,Under Armour Track Pants,48.73,61.36,"[57.42, 58.91, 63.6]",20,50,"[8, 8, 8, 16, 13, 3]",-2.07
APP10853,H&M Jacket,71.91,91.2,"[89.68, 94.37, 100.76]",35,100,"[10, 14, 9, 4, 14, 18]",-2.02
APP10854,Levi's Hoodie,45.23,87.79,"[83.13, 96.09, 100.49]",30,500,"[3, 5, 7, 4, 10, 5]",-2.35
APP10855,Zara Socks,34.89,66.98,"[59.31, 63.18, 72.57]",25,200,"[28, 26, 29, 28, 24, 26]",-0.55
APP10856,Reebok Hoodie,11.2,21.93,"[18.71, 21.07, 23.17]",25,5000,"[11, 18, 14, 20, 15, 15]",-0.97
APP10857,Uniqlo Cap,77.21,109.71,"[101.37, 111.8, 119.97]",30,500,"[13, 20, 9, 9, 7, 6]",-1.78
APP10858,Adidas Cap,39.44,50.45,"[43.52, 51.02, 53.08]",25,200,"[14, 15, 5, 6, 6, 4]",-2.2
APP10859,Under Armour Shorts,56.11,74.09,"[70.3, 75.53, 83.49]",25,50,"[16, 26, 27, 20, 19, 20]",-0.55
APP10860,H&M T-Shirt,35.32,59.38,"[60.46, 61.34, 66.77]",35,500,"[26, 21, 25, 16, 18, 15]",-2.12
APP10861,Under Armour Sneakers,69.94,133.31,"[125.19, 127.64, 146.25]",15,50,"[19, 29, 27, 27, 27, 24]",-2.07
APP10862,Reebok Socks,78.42,97.37,"[93.05, 95.29, 106.84]",35,1000,"[25, 27, 24, 20, 21, 14]",-2.32
APP10863,GAP Sweater,40.55,67.53,"[64.1, 67.98, 68.39]",25,5000,"[9, 8, 0, 7, 7, 7]",-1.71
APP10864,Puma Jacket,74.74,140.38,"[120.47, 135.18, 143.49]",25,100,"[2, 0, 5, 5, 12, 8]",-0.98
APP10865,Under Armour Sweater,28.4,35.11,"[29.86, 32.39, 33.54]",35,50,"[6, 15, 20, 18, 19, 11]",-2.09
APP10866,Under Armour Cap,48.1,88.67,"[76.93, 89.65, 99.52]",35,200,"[10, 28, 27, 21, 25, 18]",-0.99
APP10867,Levi's Hoodie,39.34,56.56,"[48.86, 49.66, 56.06]",30,50,"[22, 17, 15, 22, 17, 14]",-1.38
APP10868,Zara Cap,69.5,138.78,"[125.7, 132.34, 139.12]",20,50,"[20, 18, 14, 21, 14, 22]",-1.2
APP10869,Levi's Sneakers,73.3,92.97,"[85.07, 96.64, 102.58]",20,50,"[13, 21, 26, 24, 18, 13]",-0.54
APP10870,Uniqlo Cap,64.87,124.41,"[114.48, 121.12, 122.12]",20,500,"[20, 14, 11, 17, 12, 19]",-1.63
APP10871,Uniqlo T-Shirt,55.26,78.33,"[75.61, 83.83, 88.62]",35,200,"[20, 15, 22, 23, 14, 16]",-1.34
APP10872,Nike Jeans,43.86,78.21,"[73.36, 74.42, 76.83]",15,100,"[16, 14, 14, 14, 12, 12]",-1.13
APP10873,Nike Sweater,23.07,37.71,"[36.95, 39.32, 43.21]",20,5000,"[26, 22, 21, 10, 16, 27]",-0.79
APP10874,Under Armour Jeans,64.01,80.12,"[73.76, 81.5, 83.03]",20,5000,"[20, 19, 19, 28, 18, 20]",-1.2
APP10875,Nike Jacket,73.81,110.98,"[104.76, 113.31, 122.24]",35,500,"[16, 10, 17, 16, 13, 10]",-0.64
APP10876,Zara Shorts,45.89,66.29,"[60.06, 65.49, 69.0]",15,200,"[23, 28, 36, 26, 23, 32]",-1.15
APP10877,GAP Track Pants,74.94,110.76,"[102.3, 105.08, 113.13]",30,500,"[12, 3, 11, 17, 15, 14]",-1.88
APP10878,Zara T-Shirt,37.49,55.68,"[48.07, 52.48, 61.24]",15,500,"[19, 1, 11, 6, 16, 12]",-1.98
APP10879,Uniqlo Socks,70.75,121.36,"[103.9, 104.45, 129.54]",30,5000,"[21, 30, 16, 26, 29, 31]",-1.02
APP10880,Nike T-Shirt,10.18,17.33,"[17.52, 17.79, 18.82]",35,200,"[32, 14, 27, 24, 19, 29]",-1.61
APP10881,Reebok Socks,31.6,53.27,"[48.06, 48.24, 55.3]",25,50,"[33, 17, 27, 28, 34, 28]",-1.76
APP10882,Nike Socks,61.13,93.44,"[87.26, 96.52, 98.68]",30,200,"[22, 10, 16, 16, 12, 16]",-0.58
APP10883,Puma Jeans,71.53,129.02,"[118.19, 142.04, 145.8]",15,500,"[20, 27, 19, 26, 19, 21]",-0.63
APP10884,Uniqlo Sneakers,30.37,49.09,"[46.66, 47.49, 55.86]",20,1000,"[20, 10, 11, 7, 18, 15]",-1.59
APP10885,Under Armour Track Pants,65.98,113.36,"[96.48, 104.98, 113.15]",35,500,"[20, 17, 25, 28, 26, 34]",-0.81
APP10886,Reebok Shorts,26.45,41.1,"[36.85, 38.02, 42.28]",25,100,"[22, 28, 28, 33, 30, 26]",-2.43
APP10887,H&M Jeans,78.78,149.06,"[131.68, 136.33, 152.62]",25,100,"[22, 16, 22, 24, 22, 15]",-1.08
APP10888,H&M Cap,36.31,70.52,"[61.94, 67.79, 74.94]",35,100,"[25, 27, 30, 37, 29, 28]",-1.13
APP10889,Under Armour Jacket,32.43,44.07,"[39.6, 40.03, 48.76]",25,100,"[21, 41, 29, 30, 26, 22]",-2.01
APP10890,Adidas T-Shirt,19.04,35.91,"[36.54, 39.48, 39.8]",15,100,"[15, 16, 22, 14, 20, 17]",-0.9
APP10891,H&M Sweater,68.4,98.72,"[85.47, 97.8, 109.79]",30,1000,"[12, 17, 12, 14, 20, 19]",-0.71
APP10892,Uniqlo Cap,13.69,17.98,"[15.46, 18.51, 18.62]",15,100,"[34, 21, 19, 35, 22, 28]",-1.59
APP10893,Nike Sneakers,76.73,144.28,"[123.93, 128.92, 163.04]",15,200,"[32, 35, 35, 21, 27, 31]",-0.95
APP10894,Zara Sweater,78.03,116.04,"[104.19, 112.74, 130.16]",25,50,"[8, 3, 0, 5, 3, 11]",-2.4
APP10895,GAP Jeans,75.75,102.21,"[92.96, 101.37, 101.95]",35,50,"[19, 23, 15, 14, 18, 22]",-1.01
APP10896,Nike Jacket,79.31,158.61,"[160.2, 174.15, 181.94]",20,100,"[24, 22, 28, 22, 19, 35]",-1.68
APP10897,GAP Cap,44.81,55.22,"[49.94, 61.73, 63.47]",25,50,"[36, 31, 20, 29, 28, 20]",-2.29
APP10898,Nike Jeans,41.78,66.61,"[60.32, 63.72, 64.24]",25,100,"[32, 24, 16, 22, 24, 23]",-1.78
APP10899,Uniqlo Track Pants,37.59,51.18,"[44.59, 47.34, 55.37]",15,500,"[18, 11, 10, 19, 18, 17]",-0.98
APP10900,Puma Shorts,79.85,153.31,"[158.62, 167.03, 172.91]",15,50,"[26, 17, 17, 14, 12, 13]",-1.72
APP10901,Under Armour Track Pants,10.04,15.8,"[15.56, 15.74, 17.52]",20,100,"[21, 14, 15, 16, 23, 23]",-1.5
APP10902,H&M Jeans,43.23,55.68,"[51.45, 56.68, 63.65]",25,1000,"[15, 15, 17, 15, 20, 20]",-0.7
APP10903,Puma Track Pants,17.15,22.54,"[20.3, 21.86, 24.99]",20,200,"[7, 11, 6, 4, 10, 9]",-0.92
APP10904,GAP Sweater,60.68,81.84,"[73.58, 89.89, 91.89]",35,1000,"[7, 13, 8, 6, 0, 12]",-1.6
APP10905,Levi's Sweater,70.24,91.63,"[86.84, 93.75, 96.48]",20,1000,"[16, 9, 19, 13, 15, 9]",-2.47
APP10906,Adidas Socks,43.72,54.42,"[54.26, 59.16, 62.22]",25,50,"[15, 1, 11, 14, 9, 8]",-1.82
APP10907,Nike Jeans,17.51,30.78,"[28.08, 28.15, 34.72]",30,100,"[18, 18, 25, 18, 23, 21]",-1.11
APP10908,Under Armour Jeans,27.56,38.65,"[40.14, 41.69, 43.02]",25,1000,"[26, 18, 22, 23, 22, 20]",-1.72
APP10909,GAP Track Pants,72.28,104.2,"[97.11, 102.08, 105.07]",35,3000,"[2, 4, 0, 8, 6, 0]",-1.19
APP10910,H&M Shorts,18.49,24.78,"[22.9, 24.02, 28.3]",15,200,"[23, 28, 41, 31, 25, 37]",-2.27
APP10911,Reebok Cap,17.2,31.02,"[26.63, 28.42, 35.48]",30,5000,"[21, 17, 23, 19, 30, 10]",-2.21
APP10912,Under Armour Shorts,19.78,32.97,"[28.98, 30.85, 37.77]",35,1000,"[5, 0, 11, 5, 6, 5]",-0.83
APP10913,H&M Sweater,27.77,40.68,"[34.75, 40.69, 45.61]",20,50,"[14, 22, 21, 18, 14, 17]",-1.47
APP10914,GAP Sweater,34.22,59.47,"[58.87, 59.21, 67.52]",15,500,"[30, 31, 27, 22, 20, 26]",-1.13
APP10915,GAP Hoodie,60.7,116.32,"[100.56, 111.84, 125.42]",20,100,"[21, 20, 24, 27, 22, 28]",-1.75
APP10916,Adidas Jeans,74.53,91.6,"[84.2, 101.18, 101.39]",25,50,"[35, 27, 22, 20, 26, 24]",-1.01
APP10917,Puma Sweater,53.83,82.5,"[71.66, 88.32, 94.0]",20,500,"[21, 17, 13, 20, 23, 21]",-1.64
APP10918,H&M Shorts,70.31,92.85,"[81.53, 84.8, 86.69]",25,100,"[13, 16, 20, 21, 17, 18]",-0.67
APP10919,Adidas Jeans,61.91,90.91,"[87.12, 87.17, 91.09]",15,1000,"[6, 22, 15, 7, 17, 17]",-2.45
APP10920,Reebok Cap,72.94,107.26,"[112.1, 115.12, 115.62]",25,100,"[18, 19, 17, 22, 16, 18]",-2.29
APP10921,Reebok Jeans,15.42,25.82,"[23.41, 24.75, 28.62]",20,200,"[2, 10, 11, 8, 1, 9]",-1.3
APP10922,Adidas Sneakers,24.12,30.38,"[26.01, 32.43, 34.5]",30,1000,"[26, 19, 18, 19, 20, 26]",-1.8
APP10923,Zara Socks,25.17,41.99,"[35.89, 40.08, 43.97]",35,50,"[0, 0, 2, 0, 10, 6]",-2.18
APP10924,Uniqlo Sweater,11.06,17.25,"[16.9, 17.52, 18.97]",15,1000,"[5, 6, 14, 2, 0, 9]",-0.81
APP10925,Nike Jeans,44.44,82.57,"[80.24, 89.27, 94.58]",25,5000,"[31, 23, 28, 20, 24, 16]",-2.14
APP10926,Uniqlo Jeans,34.32,66.76,"[59.67, 68.62, 69.41]",35,50,"[19, 33, 18, 24, 27, 19]",-1.35
APP10927,GAP Shorts,17.64,23.68,"[20.42, 24.05, 25.88]",30,100,"[17, 16, 14, 12, 15, 13]",-1.1
APP10928,Nike Hoodie,61.46,88.03,"[82.66, 82.84, 95.5]",30,200,"[2, 9, 7, 0, 3, 7]",-0.62
APP10929,H&M Jeans,13.1,23.58,"[20.55, 21.28, 23.35]",35,50,"[24, 6, 19, 12, 20, 13]",-0.99
APP10930,Under Armour Track Pants,46.48,66.4,"[58.8, 61.39, 71.56]",35,100,"[17, 18, 21, 22, 13, 21]",-1.48
APP10931,Puma Sweater,46.46,77.7,"[67.45, 76.89, 88.72]",20,3000,"[22, 28, 25, 20, 28, 24]",-2.47
APP10932,Puma Hoodie,17.51,22.31,"[19.43, 22.29, 23.73]",25,200,"[13, 14, 21, 15, 16, 15]",-1.77
APP10933,Reebok Cap,42.06,75.79,"[69.72, 82.45, 85.56]",20,1000,"[11, 8, 14, 15, 5, 23]",-0.72
APP10934,Adidas Sneakers,63.67,117.76,"[116.28, 122.8, 128.83]",30,1000,"[16, 21, 15, 14, 26, 17]",-0.53
APP10935,Reebok Sweater,40.91,66.05,"[66.4, 66.48, 66.83]",25,50,"[8, 18, 22, 20, 8, 7]",-0.98
APP10936,Zara Jeans,50.79,67.01,"[66.33, 73.8, 74.71]",25,100,"[15, 21, 15, 17, 22, 16]",-0.87
APP10937,Reebok Jacket,74.12,106.61,"[93.24, 95.47, 121.0]",30,200,"[27, 31, 23, 30, 28, 26]",-1.78
APP10938,GAP Track Pants,41.85,51.16,"[49.41, 55.31, 56.09]",20,500,"[22, 22, 31, 24, 28, 24]",-1.23
APP10939,Zara Jeans,58.25,101.01,"[87.97, 99.48, 106.75]",20,1000,"[15, 13, 6, 9, 20, 12]",-0.95
APP10940,Reebok T-Shirt,13.01,20.07,"[17.8, 19.66, 19.67]",30,200,"[19, 19, 17, 17, 18, 14]",-1.19
APP10941,Levi's Track Pants,40.66,74.03,"[64.01, 65.74, 78.9]",30,1000,"[33, 26, 28, 30, 28, 28]",-2.25
APP10942,Levi's Cap,69.21,101.01,"[102.19, 103.84, 105.95]",25,500,"[29, 29, 28, 36, 29, 27]",-0.7
APP10943,H&M Track Pants,23.33,46.34,"[48.8, 49.26, 50.62]",20,200,"[16, 21, 18, 21, 14, 21]",-1.8
APP10944,Reebok Shorts,16.6,25.61,"[24.29, 28.5, 29.32]",35,1000,"[16, 18, 14, 13, 15, 14]",-1.09
APP10945,Under Armour Cap,63.24,102.36,"[112.34, 112.92, 115.39]",25,500,"[18, 24, 27, 33, 21, 19]",-1.31
APP10946,Puma Sweater,74.74,144.72,"[135.51, 154.95, 156.68]",25,1000,"[21, 17, 36, 22, 20, 18]",-2.37
APP10947,Reebok Cap,65.24,105.93,"[90.96, 91.33, 109.51]",35,1000,"[27, 17, 21, 16, 17, 20]",-1.41
APP10948,Under Armour Shorts,15.8,29.42,"[26.18, 29.92, 30.58]",30,100,"[13, 10, 17, 18, 14, 12]",-2.32
APP10949,Reebok Sweater,79.71,152.87,"[130.91, 169.32, 172.11]",25,100,"[11, 16, 26, 18, 19, 22]",-0.83
APP10950,Adidas Track Pants,42.12,59.77,"[65.59, 68.47, 68.63]",20,50,"[21, 19, 12, 12, 18, 19]",-1.02
APP10951,GAP Socks,63.9,126.22,"[108.81, 116.5, 136.57]",20,5000,"[26, 30, 28, 30, 25, 22]",-1.47
APP10952,Uniqlo T-Shirt,58.41,73.71,"[65.74, 71.91, 80.46]",30,1000,"[20, 21, 18, 21, 19, 21]",-0.83
APP10953,Under Armour Cap,24.68,36.1,"[33.06, 38.77, 40.11]",25,50,"[18, 8, 13, 15, 17, 17]",-1.84
APP10954,Adidas Sweater,11.05,13.75,"[12.85, 14.53, 15.43]",30,5000,"[12, 15, 11, 11, 7, 11]",-1.51
APP10955,Puma Hoodie,43.0,84.5,"[82.82, 91.74, 95.7]",20,1000,"[14, 21, 39, 28, 35, 25]",-1.06
APP10956,Reebok Sneakers,40.83,53.65,"[55.87, 55.91, 58.04]",30,200,"[15, 12, 8, 7, 7, 14]",-1.93
APP10957,H&M Jeans,39.16,58.07,"[58.5, 59.23, 59.81]",30,500,"[0, 18, 4, 8, 4, 0]",-0.8
APP10958,GAP Cap,63.11,106.1,"[96.14, 101.24, 101.25]",35,500,"[11, 20, 18, 13, 7, 7]",-0.53
APP10959,H&M Socks,46.53,61.07,"[52.69, 55.93, 60.74]",35,200,"[22, 20, 23, 27, 27, 28]",-2.07
APP10960,H&M Socks,18.17,27.84,"[24.52, 25.22, 26.19]",15,1000,"[17, 10, 15, 15, 14, 24]",-1.08
APP10961,Levi's Socks,37.36,69.98,"[70.73, 73.7, 74.13]",35,1000,"[19, 8, 12, 18, 7, 13]",-2.39
APP10962,Adidas Jeans,68.32,84.45,"[76.65, 79.74, 88.33]",20,500,"[32, 36, 26, 24, 36, 25]",-1.22
APP10963,Levi's Sneakers,47.26,85.76,"[88.79, 92.4, 93.14]",35,100,"[20, 9, 1, 6, 12, 8]",-1.05
APP10964,Nike Track Pants,12.04,14.67,"[14.42, 14.6, 14.74]",30,100,"[9, 0, 7, 2, 7, 2]",-1.2
APP10965,Levi's Sweater,37.31,59.65,"[52.65, 64.87, 66.37]",15,50,"[20, 17, 19, 21, 18, 20]",-1.13
APP10966,Nike Jeans,31.52,51.93,"[44.9, 48.91, 58.67]",25,500,"[33, 26, 30, 26, 23, 30]",-1.89
APP10967,Under Armour Socks,19.22,28.95,"[26.38, 30.2, 33.24]",35,50,"[11, 12, 13, 25, 15, 11]",-0.88
APP10968,Uniqlo Track Pants,77.65,132.69,"[134.0, 137.66, 143.92]",35,5000,"[18, 26, 26, 13, 24, 15]",-2.19
APP10969,Under Armour Cap,17.56,28.59,"[25.22, 29.07, 32.57]",25,200,"[28, 29, 28, 33, 30, 33]",-0.89
APP10970,H&M Cap,39.92,51.53,"[50.51, 50.87, 52.32]",35,50,"[4, 20, 17, 12, 8, 10]",-2.22
APP10971,Uniqlo Sneakers,67.89,122.83,"[114.53, 122.74, 129.37]",25,50,"[25, 24, 38, 26, 24, 33]",-2.05
APP10972,Nike Cap,47.61,93.1,"[90.58, 98.12, 106.45]",15,1000,"[6, 5, 0, 16, 9, 10]",-1.42
APP10973,Reebok Sweater,16.11,31.27,"[29.99, 30.85, 32.49]",15,500,"[8, 16, 15, 16, 15, 15]",-2.12
APP10974,Adidas Sneakers,53.18,96.97,"[83.53, 89.11, 98.91]",25,500,"[23, 12, 20, 16, 22, 13]",-2.06
APP10975,Reebok Shorts,44.88,83.46,"[90.83, 91.38, 91.57]",30,100,"[32, 28, 29, 28, 37, 26]",-1.96
APP10976,Under Armour Socks,38.72,68.45,"[68.71, 73.32, 77.29]",30,200,"[4, 1, 9, 0, 10, 10]",-1.77
APP10977,Levi's Cap,79.21,132.68,"[128.68, 141.83, 146.04]",15,500,"[13, 17, 8, 15, 18, 12]",-2.07
APP10978,Zara Cap,37.34,54.31,"[48.63, 49.96, 50.88]",25,3000,"[17, 20, 15, 20, 12, 15]",-1.02
APP10979,Adidas Hoodie,64.2,108.22,"[92.72, 114.27, 122.21]",15,50,"[22, 24, 24, 28, 27, 31]",-2.09
APP10980,Adidas T-Shirt,29.67,49.0,"[42.74, 48.73, 54.82]",25,50,"[10, 16, 16, 16, 16, 16]",-2.35
APP10981,Adidas Sneakers,24.36,43.18,"[42.57, 43.26, 47.18]",20,50,"[26, 23, 29, 21, 27, 19]",-1.85
APP10982,Uniqlo Sneakers,45.64,79.37,"[69.03, 81.19, 81.49]",35,100,"[8, 8, 3, 8, 3, 8]",-1.49
APP10983,Puma Shorts,49.29,72.47,"[63.16, 78.41, 82.11]",35,1000,"[17, 20, 34, 24, 15, 15]",-2.42
APP10984,H&M Cap,40.37,70.2,"[66.67, 68.56, 78.04]",20,50,"[3, 17, 17, 10, 16, 8]",-1.64
APP10985,H&M Sneakers,33.26,50.86,"[50.75, 52.43, 58.49]",20,100,"[10, 7, 2, 5, 4, 0]",-1.43
APP10986,H&M Sweater,45.76,74.9,"[67.49, 70.77, 82.58]",15,1000,"[5, 14, 19, 10, 7, 14]",-2.4
APP10987,GAP Jacket,57.81,80.98,"[80.97, 82.5, 86.97]",30,50,"[16, 23, 19, 10, 15, 15]",-2.44
APP10988,GAP Sweater,59.75,111.39,"[115.9, 118.01, 124.92]",30,100,"[0, 7, 9, 0, 5, 5]",-1.69
APP10989,Nike Jacket,57.42,102.33,"[94.08, 107.95, 114.71]",20,50,"[10, 16, 10, 11, 13, 6]",-1.07
APP10990,Reebok Jeans,50.78,66.76,"[63.86, 65.67, 66.67]",35,1000,"[20, 23, 20, 25, 23, 21]",-0.77
APP10991,Adidas Socks,20.56,24.88,"[21.97, 23.86, 25.48]",20,50,"[23, 29, 30, 22, 26, 28]",-1.82
APP10992,Levi's Shorts,15.38,23.29,"[22.48, 23.08, 24.48]",20,50,"[25, 17, 24, 19, 33, 30]",-1.77
APP10993,Zara Jeans,15.34,26.45,"[23.57, 26.36, 29.91]",25,5000,"[6, 9, 10, 3, 9, 6]",-1.33
APP10994,Zara Socks,20.29,36.77,"[31.35, 39.46, 41.22]",25,100,"[29, 27, 26, 23, 24, 26]",-1.47
APP10995,GAP Sweater,52.67,71.26,"[66.41, 70.58, 74.26]",35,1000,"[12, 20, 18, 6, 7, 20]",-1.87
APP10996,H&M Track Pants,75.36,138.06,"[122.09, 122.32, 155.56]",15,50,"[13, 9, 12, 5, 7, 16]",-1.3
APP10997,Levi's Shorts,28.03,41.11,"[40.39, 40.49, 41.47]",30,200,"[30, 22, 26, 21, 15, 17]",-0.5
APP10998,GAP Sneakers,43.77,80.72,"[70.67, 88.11, 91.04]",25,100,"[5, 9, 9, 16, 10, 0]",-2.07
APP10999,GAP Track Pants,48.62,96.43,"[84.09, 89.0, 90.18]",15,100,"[29, 33, 34, 21, 29, 28]",-2.04
